t,t_R,x_1
#,1,190
#,2,205
#,3,196
#,4,191
#,5,195
#,6,208
#,7,229
#,8,211
#,9,205
#,10,196
#,11,221
#,12,230
#,13,220
#,14,214
#,15,202
#,16,201
#,17,211
#,18,206
#,19,216
#,20,220
#,21,221
#,22,222
#,23,214
#,24,217
#,25,227
#,26,223
#,27,206
#,28,198
#,29,199
#,30,199
#,31,188
#,32,172
#,33,191
#,34,185
#,35,192
#,36,193
#,37,196
#,38,187
#,39,175
#,40,190
#,41,181
#,42,198
#,43,197
#,44,188
#,45,196
#,46,219
#,47,213
#,48,203
#,49,197
#,50,182
#,51,199
#,52,202
#,53,195
#,54,205
#,55,211
#,56,188
#,57,187
#,58,185
#,59,187
#,60,204
#,61,207
#,62,210
#,63,193
#,64,191
#,65,196
#,66,199
#,67,189
#,68,202
#,69,184
#,70,210
#,71,214
#,72,218
#,73,225
#,74,219
#,75,203
#,76,188
#,77,183
#,78,188
#,79,200
#,80,197
#,81,206
#,82,198
#,83,193
#,84,177
#,85,190
#,86,183
#,87,190
#,88,192
#,89,195
#,90,199
#,91,200
#,92,199
#,93,216
#,94,212
#,95,217
#,96,207
#,97,213
#,98,210
#,99,203
100,100,197
#,101,194
#,102,174
#,103,186
#,104,192
#,105,197
#,106,228
#,107,219
#,108,226
#,109,220
#,110,204
#,111,180
#,112,185
#,113,198
#,114,205
#,115,195
#,116,193
#,117,202
#,118,199
#,119,187
#,120,189
#,121,211
#,122,195
#,123,207
#,124,190
#,125,194
#,126,192
#,127,204
#,128,193
#,129,200
#,130,210
#,131,222
#,132,226
#,133,226
#,134,226
#,135,235
#,136,232
#,137,227
#,138,228
#,139,221
#,140,203
#,141,204
#,142,198
#,143,196
#,144,181
#,145,171
#,146,195
#,147,198
#,148,211
#,149,201
#,150,188
#,151,190
#,152,192
#,153,194
#,154,187
#,155,194
#,156,187
#,157,207
#,158,197
#,159,200
#,160,199
#,161,208
#,162,200
#,163,216
#,164,199
#,165,200
#,166,213
#,167,216
#,168,211
#,169,198
#,170,196
#,171,194
#,172,196
#,173,193
#,174,195
#,175,192
#,176,184
#,177,186
#,178,173
#,179,179
#,180,182
#,181,191
#,182,201
#,183,196
#,184,199
#,185,199
#,186,211
#,187,215
#,188,246
#,189,239
#,190,229
#,191,235
#,192,230
#,193,224
#,194,216
#,195,227
#,196,225
#,197,223
#,198,229
#,199,234
200,200,210
#,201,219
#,202,213
#,203,213
#,204,206
#,205,214
#,206,230
#,207,226
#,208,213
#,209,185
#,210,189
#,211,194
#,212,199
#,213,190
#,214,195
#,215,194
#,216,213
#,217,217
#,218,214
#,219,211
#,220,216
#,221,222
#,222,226
#,223,215
#,224,217
#,225,207
#,226,213
#,227,223
#,228,210
#,229,218
#,230,217
#,231,230
#,232,221
#,233,228
#,234,233
#,235,225
#,236,211
#,237,207
#,238,213
#,239,220
#,240,204
#,241,203
#,242,189
#,243,199
#,244,204
#,245,202
#,246,210
#,247,198
#,248,207
#,249,198
#,250,206
#,251,205
#,252,210
#,253,234
#,254,217
#,255,221
#,256,215
#,257,213
#,258,227
#,259,211
#,260,216
#,261,215
#,262,219
#,263,187
#,264,194
#,265,200
#,266,196
#,267,178
#,268,178
#,269,210
#,270,209
#,271,213
#,272,203
#,273,190
#,274,184
#,275,199
#,276,210
#,277,214
#,278,206
#,279,207
#,280,190
#,281,199
#,282,205
#,283,229
#,284,213
#,285,205
#,286,197
#,287,209
#,288,215
#,289,222
#,290,212
#,291,207
#,292,191
#,293,181
#,294,182
#,295,193
#,296,194
#,297,203
#,298,204
#,299,200
300,300,204
#,301,196
#,302,191
#,303,162
#,304,178
#,305,205
#,306,202
#,307,192
#,308,189
#,309,193
#,310,210
#,311,205
#,312,200
#,313,185
#,314,204
#,315,203
#,316,189
#,317,184
#,318,191
#,319,199
#,320,208
#,321,226
#,322,210
#,323,207
#,324,217
#,325,203
#,326,205
#,327,214
#,328,220
#,329,201
#,330,201
#,331,214
#,332,238
#,333,230
#,334,228
#,335,229
#,336,211
#,337,216
#,338,211
#,339,224
#,340,225
#,341,205
#,342,188
#,343,196
#,344,185
#,345,195
#,346,193
#,347,186
#,348,198
#,349,206
#,350,199
#,351,190
#,352,197
#,353,207
#,354,210
#,355,227
#,356,213
#,357,217
#,358,228
#,359,219
#,360,218
#,361,220
#,362,193
#,363,200
#,364,189
#,365,198
#,366,202
#,367,211
#,368,213
#,369,208
#,370,206
#,371,193
#,372,195
#,373,196
#,374,187
#,375,195
#,376,205
#,377,200
#,378,221
#,379,220
#,380,204
#,381,206
#,382,192
#,383,199
#,384,189
#,385,184
#,386,166
#,387,179
#,388,200
#,389,202
#,390,184
#,391,195
#,392,197
#,393,194
#,394,198
#,395,194
#,396,211
#,397,223
#,398,219
#,399,211
400,400,189
#,401,198
#,402,192
#,403,206
#,404,209
#,405,194
#,406,180
#,407,198
#,408,178
#,409,187
#,410,209
#,411,197
#,412,199
#,413,210
#,414,218
#,415,215
#,416,202
#,417,234
#,418,219
#,419,238
#,420,234
#,421,236
#,422,234
#,423,221
#,424,211
#,425,205
#,426,205
#,427,215
#,428,227
#,429,220
#,430,202
#,431,198
#,432,186
#,433,183
#,434,192
#,435,193
#,436,215
#,437,217
#,438,223
#,439,204
#,440,217
#,441,206
#,442,216
#,443,214
#,444,193
#,445,206
#,446,207
#,447,218
#,448,217
#,449,202
#,450,206
#,451,216
#,452,197
#,453,213
#,454,198
#,455,211
#,456,181
#,457,196
#,458,205
#,459,215
#,460,219
#,461,211
#,462,224
#,463,240
#,464,241
#,465,222
#,466,211
#,467,212
#,468,220
#,469,203
#,470,208
#,471,210
#,472,202
#,473,194
#,474,214
#,475,210
#,476,200
#,477,195
#,478,185
#,479,190
#,480,201
#,481,206
#,482,198
#,483,198
#,484,208
#,485,219
#,486,220
#,487,212
#,488,203
#,489,208
#,490,206
#,491,196
#,492,203
#,493,214
#,494,201
#,495,200
#,496,207
#,497,203
#,498,216
#,499,219
500,500,206
#,501,194
#,502,184
#,503,191
#,504,185
#,505,185
#,506,203
#,507,210
#,508,206
#,509,198
#,510,206
#,511,204
#,512,230
#,513,226
#,514,236
#,515,223
#,516,213
#,517,235
#,518,212
#,519,205
#,520,203
#,521,189
#,522,182
#,523,205
#,524,194
#,525,183
#,526,199
#,527,194
#,528,207
#,529,193
#,530,191
#,531,189
#,532,197
#,533,191
#,534,192
#,535,194
#,536,195
#,537,211
#,538,219
#,539,207
#,540,219
#,541,218
#,542,214
#,543,200
#,544,211
#,545,205
#,546,188
#,547,201
#,548,209
#,549,218
#,550,219
#,551,218
#,552,214
#,553,232
#,554,233
#,555,226
#,556,220
#,557,235
#,558,233
#,559,247
#,560,234
#,561,205
#,562,208
#,563,224
#,564,212
#,565,219
#,566,209
#,567,208
#,568,194
#,569,182
#,570,183
#,571,204
#,572,194
#,573,196
#,574,194
#,575,195
#,576,199
#,577,199
#,578,202
#,579,205
#,580,194
#,581,190
#,582,210
#,583,215
#,584,217
#,585,224
#,586,223
#,587,231
#,588,235
#,589,229
#,590,235
#,591,211
#,592,214
#,593,224
#,594,205
#,595,198
#,596,209
#,597,214
#,598,209
#,599,209
600,600,195
#,601,186
#,602,187
#,603,195
#,604,189
#,605,194
#,606,213
#,607,209
#,608,216
#,609,204
#,610,202
#,611,206
#,612,221
#,613,224
#,614,234
#,615,224
#,616,238
#,617,229
#,618,222
#,619,221
#,620,225
#,621,236
#,622,233
#,623,227
#,624,228
#,625,211
#,626,208
#,627,188
#,628,193
#,629,186
#,630,208
#,631,209
#,632,230
#,633,228
#,634,218
#,635,214
#,636,219
#,637,220
#,638,212
#,639,216
#,640,204
#,641,208
#,642,193
#,643,204
#,644,191
#,645,182
#,646,199
#,647,197
#,648,194
#,649,190
#,650,182
#,651,164
#,652,180
#,653,200
#,654,215
#,655,220
#,656,231
#,657,236
#,658,213
#,659,202
#,660,207
#,661,192
#,662,202
#,663,207
#,664,205
#,665,206
#,666,204
#,667,189
#,668,210
#,669,203
#,670,204
#,671,190
#,672,187
#,673,189
#,674,192
#,675,180
#,676,181
#,677,188
#,678,195
#,679,200
#,680,201
#,681,199
#,682,196
#,683,205
#,684,209
#,685,200
#,686,203
#,687,199
#,688,201
#,689,197
#,690,185
#,691,202
#,692,204
#,693,205
#,694,197
#,695,219
#,696,216
#,697,215
#,698,199
#,699,205
700,700,195
#,701,207
#,702,189
#,703,185
#,704,188
#,705,192
#,706,179
#,707,178
#,708,182
#,709,189
#,710,195
#,711,193
#,712,206
#,713,211
#,714,214
#,715,200
#,716,211
#,717,202
#,718,200
#,719,181
#,720,180
#,721,178
#,722,188
#,723,183
#,724,190
#,725,193
#,726,193
#,727,181
#,728,191
#,729,196
#,730,204
#,731,208
#,732,201
#,733,193
#,734,199
#,735,201
#,736,213
#,737,216
#,738,197
#,739,200
#,740,200
#,741,192
#,742,202
#,743,191
#,744,202
#,745,207
#,746,205
#,747,187
#,748,200
#,749,179
#,750,181
#,751,183
#,752,175
#,753,174
#,754,171
#,755,184
#,756,204
#,757,216
#,758,209
#,759,196
#,760,197
#,761,205
#,762,197
#,763,190
#,764,201
#,765,198
#,766,221
#,767,228
#,768,217
#,769,214
#,770,207
#,771,204
#,772,201
#,773,208
#,774,210
#,775,211
#,776,207
#,777,204
#,778,191
#,779,194
#,780,191
#,781,178
#,782,173
#,783,201
#,784,196
#,785,201
#,786,218
#,787,230
#,788,220
#,789,227
#,790,224
#,791,217
#,792,202
#,793,197
#,794,212
#,795,216
#,796,242
#,797,238
#,798,215
#,799,221
800,800,217
#,801,207
#,802,210
#,803,209
#,804,198
#,805,183
#,806,195
#,807,191
#,808,206
#,809,214
#,810,216
#,811,217
#,812,226
#,813,224
#,814,220
#,815,238
#,816,235
#,817,220
#,818,208
#,819,226
#,820,221
#,821,187
#,822,198
#,823,187
#,824,194
#,825,194
#,826,203
#,827,206
#,828,195
#,829,209
#,830,227
#,831,209
#,832,215
#,833,216
#,834,202
#,835,194
#,836,182
#,837,180
#,838,190
#,839,196
#,840,220
#,841,207
#,842,208
#,843,192
#,844,201
#,845,198
#,846,200
#,847,206
#,848,218
#,849,208
#,850,197
#,851,195
#,852,206
#,853,213
#,854,209
#,855,215
#,856,221
#,857,217
#,858,221
#,859,213
#,860,232
#,861,214
#,862,195
#,863,193
#,864,194
#,865,212
#,866,209
#,867,197
#,868,191
#,869,191
#,870,185
#,871,193
#,872,196
#,873,214
#,874,209
#,875,209
#,876,198
#,877,202
#,878,197
#,879,204
#,880,214
#,881,242
#,882,238
#,883,216
#,884,217
#,885,226
#,886,213
#,887,213
#,888,211
#,889,184
#,890,186
#,891,169
#,892,159
#,893,169
#,894,184
#,895,189
#,896,193
#,897,185
#,898,173
#,899,195
900,900,191
#,901,189
#,902,208
#,903,228
#,904,235
#,905,230
#,906,217
#,907,198
#,908,220
#,909,207
#,910,207
#,911,209
#,912,211
#,913,215
#,914,210
#,915,202
#,916,206
#,917,204
#,918,219
#,919,218
#,920,248
#,921,244
#,922,237
#,923,229
#,924,226
#,925,223
#,926,194
#,927,187
#,928,191
#,929,199
#,930,213
#,931,195
#,932,201
#,933,205
#,934,220
#,935,225
#,936,230
#,937,209
#,938,216
#,939,204
#,940,208
#,941,224
#,942,225
#,943,211
#,944,187
#,945,214
#,946,218
#,947,210
#,948,216
#,949,216
#,950,221
#,951,216
#,952,212
#,953,206
#,954,207
#,955,196
#,956,192
#,957,193
#,958,201
#,959,217
#,960,224
#,961,203
#,962,227
#,963,224
#,964,208
#,965,198
#,966,196
#,967,210
#,968,202
#,969,192
#,970,196
#,971,199
#,972,187
#,973,197
#,974,205
#,975,206
#,976,203
#,977,199
#,978,213
#,979,211
#,980,229
#,981,222
#,982,221
#,983,213
#,984,206
#,985,223
#,986,216
#,987,203
#,988,208
#,989,189
#,990,186
#,991,194
#,992,197
#,993,201
#,994,213
#,995,202
#,996,195
#,997,191
#,998,193
#,999,210
1000,1000,225
#,1001,212
#,1002,220
#,1003,224
#,1004,223
#,1005,238
#,1006,237
#,1007,224
#,1008,218
#,1009,229
#,1010,218
#,1011,220
#,1012,210
#,1013,211
#,1014,202
#,1015,194
#,1016,201
#,1017,197
#,1018,194
#,1019,183
#,1020,204
#,1021,182
#,1022,192
#,1023,185
#,1024,197
#,1025,197
#,1026,190
#,1027,209
#,1028,215
#,1029,199
#,1030,219
#,1031,207
#,1032,202
#,1033,199
#,1034,189
#,1035,187
#,1036,199
#,1037,188
#,1038,178
#,1039,183
#,1040,189
#,1041,183
#,1042,195
#,1043,199
#,1044,184
#,1045,183
#,1046,200
#,1047,193
#,1048,206
#,1049,205
#,1050,225
#,1051,217
#,1052,222
#,1053,200
#,1054,189
#,1055,180
#,1056,190
#,1057,181
#,1058,192
#,1059,199
#,1060,207
#,1061,212
#,1062,228
#,1063,221
#,1064,238
#,1065,213
#,1066,209
#,1067,209
#,1068,207
#,1069,219
#,1070,203
#,1071,197
#,1072,191
#,1073,197
#,1074,191
#,1075,214
#,1076,219
#,1077,216
#,1078,206
#,1079,216
#,1080,211
#,1081,226
#,1082,227
#,1083,221
#,1084,214
#,1085,219
#,1086,223
#,1087,209
#,1088,211
#,1089,215
#,1090,202
#,1091,221
#,1092,230
#,1093,225
#,1094,231
#,1095,222
#,1096,229
#,1097,227
#,1098,209
#,1099,211
1100,1100,209
#,1101,198
#,1102,193
#,1103,192
#,1104,192
#,1105,198
#,1106,193
#,1107,201
#,1108,215
#,1109,212
#,1110,197
#,1111,186
#,1112,188
#,1113,192
#,1114,203
#,1115,199
#,1116,219
#,1117,214
#,1118,220
#,1119,216
#,1120,226
#,1121,218
#,1122,223
#,1123,216
#,1124,190
#,1125,197
#,1126,187
#,1127,195
#,1128,205
#,1129,221
#,1130,209
#,1131,209
#,1132,204
#,1133,210
#,1134,193
#,1135,216
#,1136,214
#,1137,205
#,1138,208
#,1139,221
#,1140,227
#,1141,232
#,1142,228
#,1143,225
#,1144,235
#,1145,232
#,1146,219
#,1147,221
#,1148,220
#,1149,193
#,1150,179
#,1151,174
#,1152,171
#,1153,181
#,1154,205
#,1155,212
#,1156,225
#,1157,226
#,1158,214
#,1159,227
#,1160,235
#,1161,235
#,1162,228
#,1163,221
#,1164,227
#,1165,200
#,1166,213
#,1167,223
#,1168,221
#,1169,232
#,1170,247
#,1171,239
#,1172,237
#,1173,243
#,1174,242
#,1175,241
#,1176,218
#,1177,218
#,1178,212
#,1179,197
#,1180,214
#,1181,218
#,1182,207
#,1183,217
#,1184,209
#,1185,201
#,1186,207
#,1187,213
#,1188,210
#,1189,218
#,1190,212
#,1191,224
#,1192,241
#,1193,235
#,1194,240
#,1195,228
#,1196,217
#,1197,200
#,1198,192
#,1199,208
1200,1200,227
#,1201,231
#,1202,216
#,1203,205
#,1204,189
#,1205,193
#,1206,203
#,1207,222
#,1208,231
#,1209,226
#,1210,228
#,1211,201
#,1212,211
#,1213,200
#,1214,204
#,1215,216
#,1216,198
#,1217,194
#,1218,185
#,1219,196
#,1220,183
#,1221,188
#,1222,195
#,1223,212
#,1224,199
#,1225,185
#,1226,185
#,1227,178
#,1228,182
#,1229,196
#,1230,195
#,1231,188
#,1232,203
#,1233,195
#,1234,183
#,1235,177
#,1236,197
#,1237,195
#,1238,201
#,1239,196
#,1240,205
#,1241,209
#,1242,198
#,1243,205
#,1244,211
#,1245,216
#,1246,239
#,1247,215
#,1248,216
#,1249,222
#,1250,211
#,1251,188
#,1252,193
#,1253,207
#,1254,210
#,1255,217
#,1256,200
#,1257,198
#,1258,201
#,1259,197
#,1260,191
#,1261,179
#,1262,204
#,1263,203
#,1264,201
#,1265,206
#,1266,205
#,1267,209
#,1268,193
#,1269,214
#,1270,232
#,1271,213
#,1272,207
#,1273,218
#,1274,201
#,1275,215
#,1276,218
#,1277,227
#,1278,221
#,1279,229
#,1280,218
#,1281,201
#,1282,194
#,1283,190
#,1284,211
#,1285,188
#,1286,202
#,1287,197
#,1288,181
#,1289,187
#,1290,188
#,1291,204
#,1292,198
#,1293,217
#,1294,210
#,1295,208
#,1296,208
#,1297,222
#,1298,205
#,1299,192
1300,1300,196
#,1301,193
#,1302,188
#,1303,200
#,1304,190
#,1305,192
#,1306,191
#,1307,204
#,1308,218
#,1309,219
#,1310,216
#,1311,213
#,1312,214
#,1313,217
#,1314,211
#,1315,192
#,1316,197
#,1317,197
#,1318,196
#,1319,206
#,1320,206
#,1321,204
#,1322,210
#,1323,226
#,1324,225
#,1325,220
#,1326,188
#,1327,197
#,1328,206
#,1329,203
#,1330,215
#,1331,218
#,1332,221
#,1333,211
#,1334,189
#,1335,205
#,1336,219
#,1337,224
#,1338,202
#,1339,196
#,1340,215
#,1341,197
#,1342,201
#,1343,212
#,1344,208
#,1345,202
#,1346,205
#,1347,202
#,1348,209
#,1349,196
#,1350,199
#,1351,223
#,1352,199
#,1353,194
#,1354,188
#,1355,200
#,1356,208
#,1357,213
#,1358,210
#,1359,223
#,1360,216
#,1361,216
#,1362,190
#,1363,205
#,1364,189
#,1365,188
#,1366,191
#,1367,191
#,1368,203
#,1369,191
#,1370,191
#,1371,180
#,1372,198
#,1373,203
#,1374,195
#,1375,204
#,1376,206
#,1377,202
#,1378,200
#,1379,196
#,1380,187
#,1381,182
#,1382,173
#,1383,179
#,1384,189
#,1385,191
#,1386,181
#,1387,190
#,1388,196
#,1389,197
#,1390,209
#,1391,228
#,1392,216
#,1393,199
#,1394,197
#,1395,219
#,1396,199
#,1397,208
#,1398,201
#,1399,201
1400,1400,189
#,1401,179
#,1402,189
#,1403,199
#,1404,195
#,1405,213
#,1406,199
#,1407,195
#,1408,189
#,1409,200
#,1410,200
#,1411,220
#,1412,227
#,1413,185
#,1414,200
#,1415,200
#,1416,189
#,1417,196
#,1418,208
#,1419,198
#,1420,195
#,1421,180
#,1422,170
#,1423,183
#,1424,191
#,1425,184
#,1426,183
#,1427,182
#,1428,181
#,1429,175
#,1430,177
#,1431,158
#,1432,168
#,1433,161
#,1434,167
#,1435,169
#,1436,183
#,1437,192
#,1438,195
#,1439,200
#,1440,203
#,1441,216
#,1442,231
#,1443,237
#,1444,239
#,1445,226
#,1446,227
#,1447,219
#,1448,210
#,1449,196
#,1450,196
#,1451,180
#,1452,189
#,1453,180
#,1454,184
#,1455,195
#,1456,199
#,1457,208
#,1458,206
#,1459,199
#,1460,217
#,1461,229
#,1462,229
#,1463,231
#,1464,240
#,1465,222
#,1466,221
#,1467,201
#,1468,204
#,1469,199
#,1470,190
#,1471,203
#,1472,185
#,1473,179
#,1474,190
#,1475,189
#,1476,193
#,1477,189
#,1478,194
#,1479,219
#,1480,227
#,1481,227
#,1482,213
#,1483,225
#,1484,209
#,1485,217
#,1486,207
#,1487,198
#,1488,198
#,1489,198
#,1490,196
#,1491,211
#,1492,217
#,1493,226
#,1494,212
#,1495,210
#,1496,189
#,1497,212
#,1498,211
#,1499,206
1500,1500,202
#,1501,200
#,1502,212
#,1503,228
#,1504,240
#,1505,244
#,1506,217
#,1507,208
#,1508,193
#,1509,211
#,1510,204
#,1511,191
#,1512,200
#,1513,201
#,1514,202
#,1515,194
#,1516,182
#,1517,194
#,1518,202
#,1519,208
#,1520,212
#,1521,206
#,1522,186
#,1523,183
#,1524,190
#,1525,199
#,1526,184
#,1527,189
#,1528,187
#,1529,174
#,1530,179
#,1531,168
#,1532,161
#,1533,161
#,1534,153
#,1535,166
#,1536,161
#,1537,168
#,1538,174
#,1539,197
#,1540,208
#,1541,199
#,1542,190
#,1543,180
#,1544,177
#,1545,183
#,1546,197
#,1547,219
#,1548,221
#,1549,217
#,1550,214
#,1551,215
#,1552,222
#,1553,216
#,1554,221
#,1555,202
#,1556,207
#,1557,198
#,1558,200
#,1559,196
#,1560,193
#,1561,202
#,1562,194
#,1563,179
#,1564,194
#,1565,201
#,1566,194
#,1567,183
#,1568,189
#,1569,176
#,1570,178
#,1571,197
#,1572,208
#,1573,214
#,1574,209
#,1575,183
#,1576,206
#,1577,207
#,1578,193
#,1579,212
#,1580,226
#,1581,215
#,1582,221
#,1583,234
#,1584,221
#,1585,217
#,1586,223
#,1587,231
#,1588,216
#,1589,218
#,1590,222
#,1591,219
#,1592,210
#,1593,211
#,1594,216
#,1595,216
#,1596,214
#,1597,197
#,1598,179
#,1599,188
1600,1600,183
#,1601,198
#,1602,200
#,1603,195
#,1604,186
#,1605,184
#,1606,188
#,1607,193
#,1608,206
#,1609,213
#,1610,211
#,1611,203
#,1612,203
#,1613,226
#,1614,212
#,1615,201
#,1616,204
#,1617,200
#,1618,216
#,1619,203
#,1620,195
#,1621,204
#,1622,194
#,1623,211
#,1624,207
#,1625,213
#,1626,204
#,1627,194
#,1628,184
#,1629,187
#,1630,195
#,1631,217
#,1632,207
#,1633,191
#,1634,191
#,1635,186
#,1636,198
#,1637,189
#,1638,195
#,1639,180
#,1640,196
#,1641,218
#,1642,222
#,1643,227
#,1644,208
#,1645,200
#,1646,192
#,1647,213
#,1648,213
#,1649,194
#,1650,206
#,1651,213
#,1652,210
#,1653,215
#,1654,211
#,1655,204
#,1656,204
#,1657,194
#,1658,180
#,1659,189
#,1660,193
#,1661,192
#,1662,194
#,1663,187
#,1664,212
#,1665,203
#,1666,205
#,1667,205
#,1668,210
#,1669,219
#,1670,210
#,1671,209
#,1672,212
#,1673,200
#,1674,189
#,1675,197
#,1676,204
#,1677,209
#,1678,214
#,1679,200
#,1680,205
#,1681,222
#,1682,208
#,1683,205
#,1684,205
#,1685,221
#,1686,203
#,1687,211
#,1688,194
#,1689,193
#,1690,210
#,1691,202
#,1692,185
#,1693,191
#,1694,186
#,1695,190
#,1696,194
#,1697,196
#,1698,217
#,1699,224
1700,1700,219
#,1701,217
#,1702,211
#,1703,203
#,1704,179
#,1705,179
#,1706,195
#,1707,205
#,1708,207
#,1709,212
#,1710,211
#,1711,219
#,1712,213
#,1713,209
#,1714,214
#,1715,218
#,1716,222
#,1717,218
#,1718,208
#,1719,208
#,1720,213
#,1721,220
#,1722,226
#,1723,208
#,1724,206
#,1725,198
#,1726,202
#,1727,201
#,1728,178
#,1729,178
#,1730,186
#,1731,181
#,1732,175
#,1733,191
#,1734,189
#,1735,210
#,1736,202
#,1737,207
#,1738,208
#,1739,191
#,1740,197
#,1741,190
#,1742,186
#,1743,184
#,1744,188
#,1745,208
#,1746,213
#,1747,205
#,1748,210
#,1749,217
#,1750,218
#,1751,204
#,1752,208
#,1753,206
#,1754,195
#,1755,195
#,1756,191
#,1757,191
#,1758,213
#,1759,201
#,1760,198
#,1761,198
#,1762,201
#,1763,215
#,1764,230
#,1765,223
#,1766,213
#,1767,230
#,1768,220
#,1769,205
#,1770,224
#,1771,222
#,1772,227
#,1773,215
#,1774,204
#,1775,195
#,1776,221
#,1777,216
#,1778,227
#,1779,229
#,1780,232
#,1781,215
#,1782,209
#,1783,209
#,1784,211
#,1785,200
#,1786,206
#,1787,202
#,1788,177
#,1789,178
#,1790,179
#,1791,191
#,1792,211
#,1793,228
#,1794,209
#,1795,209
#,1796,206
#,1797,203
#,1798,211
#,1799,206
1800,1800,211
#,1801,223
#,1802,225
#,1803,219
#,1804,204
#,1805,202
#,1806,197
#,1807,196
#,1808,197
#,1809,201
#,1810,220
#,1811,210
#,1812,207
#,1813,206
#,1814,212
#,1815,212
#,1816,214
#,1817,194
#,1818,195
#,1819,191
#,1820,207
#,1821,211
#,1822,204
#,1823,186
#,1824,188
#,1825,190
#,1826,192
#,1827,193
#,1828,207
#,1829,221
#,1830,219
#,1831,229
#,1832,226
#,1833,235
#,1834,231
#,1835,236
#,1836,210
#,1837,213
#,1838,223
#,1839,222
#,1840,215
#,1841,200
#,1842,186
#,1843,185
#,1844,198
#,1845,196
#,1846,207
#,1847,208
#,1848,195
#,1849,191
#,1850,195
#,1851,190
#,1852,199
#,1853,218
#,1854,216
#,1855,211
#,1856,202
#,1857,191
#,1858,191
#,1859,168
#,1860,181
#,1861,209
#,1862,214
#,1863,207
#,1864,208
#,1865,204
#,1866,201
#,1867,207
#,1868,207
#,1869,209
#,1870,213
#,1871,215
#,1872,216
#,1873,222
#,1874,208
#,1875,222
#,1876,224
#,1877,218
#,1878,208
#,1879,197
#,1880,181
#,1881,179
#,1882,175
#,1883,188
#,1884,189
#,1885,190
#,1886,210
#,1887,203
#,1888,214
#,1889,211
#,1890,210
#,1891,194
#,1892,190
#,1893,196
#,1894,202
#,1895,222
#,1896,230
#,1897,234
#,1898,234
#,1899,233
1900,1900,245
#,1901,238
#,1902,241
#,1903,236
#,1904,229
#,1905,206
#,1906,197
#,1907,203
#,1908,204
#,1909,201
#,1910,192
#,1911,186
#,1912,191
#,1913,200
#,1914,219
#,1915,219
#,1916,206
#,1917,216
#,1918,200
#,1919,198
#,1920,198
#,1921,184
#,1922,198
#,1923,199
#,1924,198
#,1925,191
#,1926,199
#,1927,210
#,1928,209
#,1929,221
#,1930,211
#,1931,214
#,1932,211
#,1933,225
#,1934,221
#,1935,220
#,1936,238
#,1937,230
#,1938,206
#,1939,205
#,1940,216
#,1941,221
#,1942,219
#,1943,214
#,1944,206
#,1945,193
#,1946,181
#,1947,166
#,1948,176
#,1949,197
#,1950,195
#,1951,191
#,1952,191
#,1953,200
#,1954,177
#,1955,183
#,1956,183
#,1957,187
#,1958,210
#,1959,224
#,1960,224
#,1961,238
#,1962,221
#,1963,228
#,1964,213
#,1965,212
#,1966,215
#,1967,206
#,1968,210
#,1969,216
#,1970,208
#,1971,188
#,1972,209
#,1973,212
#,1974,213
#,1975,217
#,1976,201
#,1977,194
#,1978,192
#,1979,203
#,1980,190
#,1981,190
#,1982,191
#,1983,194
#,1984,190
#,1985,193
#,1986,223
#,1987,221
#,1988,239
#,1989,239
#,1990,233
#,1991,205
#,1992,235
#,1993,217
#,1994,223
#,1995,222
#,1996,204
#,1997,217
#,1998,214
#,1999,216
2000,2000,226
#,2001,221
#,2002,215
#,2003,196
#,2004,175
#,2005,186
#,2006,189
#,2007,180
#,2008,187
#,2009,204
#,2010,188
#,2011,213
#,2012,208
#,2013,197
#,2014,204
#,2015,202
#,2016,210
#,2017,229
#,2018,228
#,2019,218
#,2020,217
#,2021,221
#,2022,202
#,2023,204
#,2024,200
#,2025,223
#,2026,243
#,2027,237
#,2028,212
#,2029,204
#,2030,196
#,2031,206
#,2032,216
#,2033,223
#,2034,212
#,2035,190
#,2036,193
#,2037,202
#,2038,195
#,2039,197
#,2040,197
#,2041,205
#,2042,196
#,2043,210
#,2044,207
#,2045,220
#,2046,206
#,2047,201
#,2048,183
#,2049,160
#,2050,171
#,2051,168
#,2052,187
#,2053,205
#,2054,192
#,2055,199
#,2056,215
#,2057,219
#,2058,225
#,2059,211
#,2060,188
#,2061,192
#,2062,198
#,2063,195
#,2064,207
#,2065,202
#,2066,209
#,2067,212
#,2068,209
#,2069,235
#,2070,240
#,2071,237
#,2072,230
#,2073,220
#,2074,210
#,2075,202
#,2076,208
#,2077,199
#,2078,198
#,2079,189
#,2080,177
#,2081,179
#,2082,185
#,2083,184
#,2084,193
#,2085,191
#,2086,195
#,2087,206
#,2088,204
#,2089,203
#,2090,197
#,2091,211
#,2092,224
#,2093,198
#,2094,200
#,2095,188
#,2096,196
#,2097,183
#,2098,203
#,2099,191
2100,2100,180
#,2101,187
#,2102,204
#,2103,216
#,2104,215
#,2105,194
#,2106,189
#,2107,189
#,2108,211
#,2109,195
#,2110,209
#,2111,203
#,2112,199
#,2113,178
#,2114,196
#,2115,194
#,2116,202
#,2117,207
#,2118,207
#,2119,199
#,2120,201
#,2121,219
#,2122,210
#,2123,218
#,2124,209
#,2125,201
#,2126,185
#,2127,203
#,2128,186
#,2129,175
#,2130,195
#,2131,211
#,2132,225
#,2133,225
#,2134,212
#,2135,214
#,2136,221
#,2137,201
#,2138,203
#,2139,182
#,2140,174
#,2141,196
#,2142,201
#,2143,195
#,2144,196
#,2145,175
#,2146,164
#,2147,172
#,2148,178
#,2149,183
#,2150,201
#,2151,194
#,2152,201
#,2153,195
#,2154,196
#,2155,195
#,2156,204
#,2157,205
#,2158,199
#,2159,198
#,2160,209
#,2161,206
#,2162,196
#,2163,200
#,2164,200
#,2165,196
#,2166,187
#,2167,195
#,2168,205
#,2169,215
#,2170,207
#,2171,219
#,2172,214
#,2173,213
#,2174,205
#,2175,195
#,2176,214
#,2177,222
#,2178,220
#,2179,230
#,2180,223
#,2181,219
#,2182,192
#,2183,188
#,2184,184
#,2185,172
#,2186,185
#,2187,189
#,2188,200
#,2189,209
#,2190,217
#,2191,217
#,2192,213
#,2193,196
#,2194,197
#,2195,215
#,2196,201
#,2197,195
#,2198,194
#,2199,186
2200,2200,186
#,2201,175
#,2202,160
#,2203,175
#,2204,191
#,2205,193
#,2206,208
#,2207,204
#,2208,202
#,2209,180
#,2210,184
#,2211,187
#,2212,190
#,2213,194
#,2214,224
#,2215,230
#,2216,234
#,2217,241
#,2218,232
#,2219,241
#,2220,248
#,2221,230
#,2222,223
#,2223,211
#,2224,223
#,2225,208
#,2226,193
#,2227,196
#,2228,199
#,2229,209
#,2230,197
#,2231,191
#,2232,198
#,2233,209
#,2234,211
#,2235,206
#,2236,204
#,2237,210
#,2238,184
#,2239,178
#,2240,181
#,2241,200
#,2242,207
#,2243,200
#,2244,206
#,2245,189
#,2246,207
#,2247,184
#,2248,200
#,2249,215
#,2250,205
#,2251,215
#,2252,216
#,2253,208
#,2254,221
#,2255,230
#,2256,223
#,2257,210
#,2258,212
#,2259,216
#,2260,219
#,2261,228
#,2262,224
#,2263,209
#,2264,217
#,2265,206
#,2266,198
#,2267,191
#,2268,187
#,2269,191
#,2270,198
#,2271,219
#,2272,213
#,2273,198
#,2274,203
#,2275,210
#,2276,208
#,2277,203
#,2278,193
#,2279,181
#,2280,185
#,2281,190
#,2282,199
#,2283,220
#,2284,236
#,2285,236
#,2286,229
#,2287,209
#,2288,195
#,2289,201
#,2290,196
#,2291,188
#,2292,197
#,2293,206
#,2294,200
#,2295,208
#,2296,199
#,2297,185
#,2298,177
#,2299,186
2300,2300,188
#,2301,191
#,2302,189
#,2303,169
#,2304,175
#,2305,179
#,2306,189
#,2307,194
#,2308,199
#,2309,214
#,2310,202
#,2311,205
#,2312,198
#,2313,197
#,2314,189
#,2315,181
#,2316,185
#,2317,184
#,2318,201
#,2319,204
#,2320,213
#,2321,213
#,2322,206
#,2323,198
#,2324,191
#,2325,206
#,2326,216
#,2327,199
#,2328,220
#,2329,227
#,2330,214
#,2331,212
#,2332,214
#,2333,204
#,2334,213
#,2335,208
#,2336,217
#,2337,209
#,2338,204
#,2339,216
#,2340,214
#,2341,207
#,2342,185
#,2343,211
#,2344,210
#,2345,199
#,2346,192
#,2347,194
#,2348,197
#,2349,205
#,2350,219
#,2351,222
#,2352,209
#,2353,205
#,2354,184
#,2355,183
#,2356,183
#,2357,176
#,2358,179
#,2359,185
#,2360,182
#,2361,203
#,2362,228
#,2363,209
#,2364,215
#,2365,216
#,2366,221
#,2367,220
#,2368,224
#,2369,253
#,2370,238
#,2371,252
#,2372,245
#,2373,232
#,2374,210
#,2375,206
#,2376,190
#,2377,193
#,2378,200
#,2379,210
#,2380,213
#,2381,230
#,2382,235
#,2383,231
#,2384,223
#,2385,208
#,2386,203
#,2387,215
#,2388,207
#,2389,203
#,2390,212
#,2391,207
#,2392,201
#,2393,222
#,2394,218
#,2395,215
#,2396,203
#,2397,211
#,2398,201
#,2399,185
2400,2400,185
#,2401,194
#,2402,199
#,2403,190
#,2404,199
#,2405,212
#,2406,203
#,2407,202
#,2408,187
#,2409,199
#,2410,222
#,2411,215
#,2412,222
#,2413,227
#,2414,225
#,2415,219
#,2416,216
#,2417,200
#,2418,210
#,2419,199
#,2420,216
#,2421,190
#,2422,205
#,2423,215
#,2424,218
#,2425,236
#,2426,210
#,2427,200
#,2428,189
#,2429,195
#,2430,211
#,2431,223
#,2432,211
#,2433,211
#,2434,206
#,2435,183
#,2436,171
#,2437,164
#,2438,176
#,2439,215
#,2440,216
#,2441,219
#,2442,217
#,2443,207
#,2444,215
#,2445,205
#,2446,208
#,2447,195
#,2448,203
#,2449,184
#,2450,190
#,2451,177
#,2452,181
#,2453,193
#,2454,186
#,2455,191
#,2456,188
#,2457,191
#,2458,198
#,2459,201
#,2460,185
#,2461,180
#,2462,197
#,2463,202
#,2464,188
#,2465,197
#,2466,195
#,2467,209
#,2468,205
#,2469,198
#,2470,211
#,2471,231
#,2472,206
#,2473,221
#,2474,219
#,2475,219
#,2476,227
#,2477,250
#,2478,250
#,2479,238
#,2480,208
#,2481,207
#,2482,204
#,2483,211
#,2484,202
#,2485,184
#,2486,195
#,2487,187
#,2488,187
#,2489,189
#,2490,189
#,2491,186
#,2492,192
#,2493,188
#,2494,203
#,2495,210
#,2496,228
#,2497,246
#,2498,240
#,2499,229
2500,2500,238
#,2501,212
#,2502,237
#,2503,227
#,2504,219
#,2505,217
#,2506,205
#,2507,204
#,2508,196
#,2509,211
#,2510,206
#,2511,218
#,2512,225
#,2513,210
#,2514,212
#,2515,213
#,2516,203
#,2517,226
#,2518,225
#,2519,201
#,2520,208
#,2521,208
#,2522,212
#,2523,204
#,2524,199
#,2525,203
#,2526,202
#,2527,209
#,2528,199
#,2529,196
#,2530,215
#,2531,210
#,2532,209
#,2533,218
#,2534,222
#,2535,204
#,2536,213
#,2537,224
#,2538,228
#,2539,227
#,2540,250
#,2541,247
#,2542,248
#,2543,238
#,2544,238
#,2545,246
#,2546,244
#,2547,242
#,2548,225
#,2549,215
#,2550,193
#,2551,180
#,2552,180
#,2553,189
#,2554,189
#,2555,196
#,2556,211
#,2557,206
#,2558,210
#,2559,206
#,2560,220
#,2561,221
#,2562,222
#,2563,229
#,2564,220
#,2565,211
#,2566,196
#,2567,196
#,2568,176
#,2569,180
#,2570,193
#,2571,189
#,2572,197
#,2573,215
#,2574,205
#,2575,205
#,2576,218
#,2577,232
#,2578,221
#,2579,211
#,2580,215
#,2581,225
#,2582,229
#,2583,225
#,2584,213
#,2585,224
#,2586,219
#,2587,214
#,2588,216
#,2589,219
#,2590,199
#,2591,210
#,2592,207
#,2593,209
#,2594,201
#,2595,225
#,2596,215
#,2597,217
#,2598,205
#,2599,207
2600,2600,217
#,2601,206
#,2602,208
#,2603,209
#,2604,221
#,2605,222
#,2606,202
#,2607,216
#,2608,216
#,2609,223
#,2610,226
#,2611,217
#,2612,205
#,2613,216
#,2614,202
#,2615,211
#,2616,196
#,2617,205
#,2618,201
#,2619,202
#,2620,208
#,2621,200
#,2622,204
#,2623,178
#,2624,168
#,2625,171
#,2626,171
#,2627,190
#,2628,199
#,2629,194
#,2630,199
#,2631,202
#,2632,205
#,2633,211
#,2634,202
#,2635,196
#,2636,200
#,2637,212
#,2638,211
#,2639,193
#,2640,181
#,2641,188
#,2642,201
#,2643,195
#,2644,201
#,2645,184
#,2646,187
#,2647,183
#,2648,191
#,2649,181
#,2650,189
#,2651,178
#,2652,159
#,2653,169
#,2654,173
#,2655,182
#,2656,176
#,2657,179
#,2658,181
#,2659,176
#,2660,188
#,2661,189
#,2662,183
#,2663,180
#,2664,182
#,2665,176
#,2666,184
#,2667,201
#,2668,213
#,2669,209
#,2670,230
#,2671,230
#,2672,213
#,2673,218
#,2674,195
#,2675,184
#,2676,196
#,2677,189
#,2678,210
#,2679,211
#,2680,202
#,2681,201
#,2682,208
#,2683,220
#,2684,214
#,2685,227
#,2686,214
#,2687,216
#,2688,232
#,2689,247
#,2690,228
#,2691,223
#,2692,206
#,2693,219
#,2694,225
#,2695,210
#,2696,208
#,2697,204
#,2698,211
#,2699,205
2700,2700,200
#,2701,199
#,2702,186
#,2703,193
#,2704,185
#,2705,173
#,2706,162
#,2707,172
#,2708,146
#,2709,162
#,2710,176
#,2711,169
#,2712,184
#,2713,198
#,2714,208
#,2715,223
#,2716,219
#,2717,200
#,2718,201
#,2719,191
#,2720,185
#,2721,195
#,2722,190
#,2723,175
#,2724,184
#,2725,192
#,2726,215
#,2727,217
#,2728,224
#,2729,222
#,2730,212
#,2731,205
#,2732,209
#,2733,212
#,2734,191
#,2735,212
#,2736,187
#,2737,195
#,2738,213
#,2739,191
#,2740,175
#,2741,183
#,2742,184
#,2743,186
#,2744,208
#,2745,205
#,2746,204
#,2747,206
#,2748,199
#,2749,206
#,2750,210
#,2751,207
#,2752,211
#,2753,213
#,2754,215
#,2755,225
#,2756,210
#,2757,216
#,2758,214
#,2759,202
#,2760,206
#,2761,194
#,2762,181
#,2763,197
#,2764,206
#,2765,202
#,2766,202
#,2767,188
#,2768,185
#,2769,195
#,2770,220
#,2771,228
#,2772,235
#,2773,218
#,2774,209
#,2775,195
#,2776,195
#,2777,194
#,2778,202
#,2779,212
#,2780,216
#,2781,209
#,2782,223
#,2783,206
#,2784,197
#,2785,188
#,2786,200
#,2787,211
#,2788,211
#,2789,214
#,2790,219
#,2791,215
#,2792,194
#,2793,192
#,2794,215
#,2795,224
#,2796,230
#,2797,217
#,2798,208
#,2799,205
2800,2800,216
#,2801,217
#,2802,210
#,2803,214
#,2804,208
#,2805,203
#,2806,190
#,2807,205
#,2808,206
#,2809,200
#,2810,191
#,2811,186
#,2812,185
#,2813,188
#,2814,189
#,2815,191
#,2816,212
#,2817,210
#,2818,210
#,2819,202
#,2820,205
#,2821,224
#,2822,215
#,2823,223
#,2824,184
#,2825,198
#,2826,202
#,2827,213
#,2828,211
#,2829,196
#,2830,192
#,2831,190
#,2832,207
#,2833,204
#,2834,223
#,2835,234
#,2836,223
#,2837,212
#,2838,210
#,2839,194
#,2840,191
#,2841,189
#,2842,184
#,2843,186
#,2844,181
#,2845,193
#,2846,203
#,2847,194
#,2848,195
#,2849,197
#,2850,212
#,2851,210
#,2852,204
#,2853,200
#,2854,191
#,2855,195
#,2856,196
#,2857,200
#,2858,199
#,2859,200
#,2860,206
#,2861,205
#,2862,225
#,2863,215
#,2864,222
#,2865,208
#,2866,209
#,2867,204
#,2868,200
#,2869,200
#,2870,197
#,2871,183
#,2872,196
#,2873,192
#,2874,191
#,2875,194
#,2876,187
#,2877,192
#,2878,187
#,2879,182
#,2880,198
#,2881,215
#,2882,256
#,2883,238
#,2884,229
#,2885,219
#,2886,233
#,2887,235
#,2888,222
#,2889,227
#,2890,217
#,2891,204
#,2892,202
#,2893,206
#,2894,225
#,2895,213
#,2896,217
#,2897,218
#,2898,197
#,2899,195
2900,2900,179
#,2901,181
#,2902,192
#,2903,189
#,2904,196
#,2905,183
#,2906,185
#,2907,202
#,2908,202
#,2909,190
#,2910,199
#,2911,192
#,2912,191
#,2913,194
#,2914,203
#,2915,201
#,2916,209
#,2917,209
#,2918,226
#,2919,217
#,2920,214
#,2921,233
#,2922,228
#,2923,225
#,2924,231
#,2925,232
#,2926,219
#,2927,207
#,2928,211
#,2929,211
#,2930,189
#,2931,196
#,2932,194
#,2933,193
#,2934,211
#,2935,202
#,2936,200
#,2937,209
#,2938,212
#,2939,219
#,2940,204
#,2941,213
#,2942,216
#,2943,227
#,2944,224
#,2945,206
#,2946,200
#,2947,215
#,2948,230
#,2949,220
#,2950,206
#,2951,191
#,2952,195
#,2953,207
#,2954,197
#,2955,202
#,2956,201
#,2957,179
#,2958,189
#,2959,192
#,2960,195
#,2961,207
#,2962,213
#,2963,203
#,2964,196
#,2965,197
#,2966,197
#,2967,191
#,2968,195
#,2969,208
#,2970,195
#,2971,198
#,2972,183
#,2973,208
#,2974,195
#,2975,194
#,2976,182
#,2977,195
#,2978,199
#,2979,208
#,2980,206
#,2981,210
#,2982,210
#,2983,216
#,2984,214
#,2985,213
#,2986,227
#,2987,233
#,2988,213
#,2989,214
#,2990,191
#,2991,199
#,2992,208
#,2993,181
#,2994,188
#,2995,193
#,2996,197
#,2997,211
#,2998,204
#,2999,210
3000,3000,206
#,3001,205
#,3002,214
#,3003,217
#,3004,200
#,3005,212
#,3006,189
#,3007,185
#,3008,201
#,3009,219
#,3010,216
#,3011,221
#,3012,232
#,3013,241
#,3014,228
#,3015,235
#,3016,238
#,3017,221
#,3018,233
#,3019,228
#,3020,210
#,3021,218
#,3022,208
#,3023,203
#,3024,201
#,3025,199
#,3026,197
#,3027,203
#,3028,188
#,3029,193
#,3030,191
#,3031,197
#,3032,183
#,3033,193
#,3034,197
#,3035,201
#,3036,190
#,3037,211
#,3038,208
#,3039,210
#,3040,212
#,3041,195
#,3042,204
#,3043,215
#,3044,205
#,3045,192
#,3046,207
#,3047,194
#,3048,202
#,3049,206
#,3050,209
#,3051,222
#,3052,207
#,3053,207
#,3054,206
#,3055,193
#,3056,204
#,3057,199
#,3058,205
#,3059,185
#,3060,184
#,3061,203
#,3062,211
#,3063,192
#,3064,201
#,3065,184
#,3066,195
#,3067,189
#,3068,207
#,3069,198
#,3070,207
#,3071,216
#,3072,228
#,3073,214
#,3074,213
#,3075,213
#,3076,206
#,3077,217
#,3078,211
#,3079,226
#,3080,219
#,3081,196
#,3082,201
#,3083,198
#,3084,186
#,3085,176
#,3086,171
#,3087,184
#,3088,201
#,3089,197
#,3090,196
#,3091,193
#,3092,197
#,3093,189
#,3094,191
#,3095,188
#,3096,194
#,3097,195
#,3098,219
#,3099,217
3100,3100,224
#,3101,228
#,3102,221
#,3103,217
#,3104,227
#,3105,214
#,3106,218
#,3107,222
#,3108,217
#,3109,215
#,3110,210
#,3111,219
#,3112,219
#,3113,228
#,3114,221
#,3115,231
#,3116,212
#,3117,215
#,3118,224
#,3119,235
#,3120,236
#,3121,239
#,3122,219
#,3123,206
#,3124,218
#,3125,200
#,3126,212
#,3127,220
#,3128,222
#,3129,220
#,3130,218
#,3131,219
#,3132,221
#,3133,210
#,3134,210
#,3135,219
#,3136,209
#,3137,198
#,3138,208
#,3139,190
#,3140,200
#,3141,205
#,3142,182
#,3143,206
#,3144,221
#,3145,216
#,3146,206
#,3147,214
#,3148,204
#,3149,204
#,3150,200
#,3151,180
#,3152,188
#,3153,208
#,3154,222
#,3155,214
#,3156,199
#,3157,205
#,3158,216
#,3159,196
#,3160,207
#,3161,213
#,3162,221
#,3163,215
#,3164,225
#,3165,198
#,3166,202
#,3167,207
#,3168,225
#,3169,207
#,3170,209
#,3171,206
#,3172,195
#,3173,199
#,3174,197
#,3175,209
#,3176,204
#,3177,212
#,3178,209
#,3179,227
#,3180,221
#,3181,211
#,3182,215
#,3183,196
#,3184,198
#,3185,195
#,3186,209
#,3187,178
#,3188,182
#,3189,189
#,3190,203
#,3191,204
#,3192,206
#,3193,219
#,3194,224
#,3195,229
#,3196,207
#,3197,194
#,3198,191
#,3199,203
3200,3200,195
#,3201,194
#,3202,190
#,3203,186
#,3204,196
#,3205,172
#,3206,197
#,3207,198
#,3208,204
#,3209,220
#,3210,216
#,3211,210
#,3212,198
#,3213,202
#,3214,198
#,3215,185
#,3216,178
#,3217,174
#,3218,195
#,3219,203
#,3220,195
#,3221,196
#,3222,203
#,3223,191
#,3224,196
#,3225,201
#,3226,201
#,3227,188
#,3228,214
#,3229,218
#,3230,236
#,3231,226
#,3232,217
#,3233,199
#,3234,198
#,3235,229
#,3236,207
#,3237,234
#,3238,203
#,3239,215
#,3240,201
#,3241,205
#,3242,202
#,3243,172
#,3244,174
#,3245,183
#,3246,191
#,3247,180
#,3248,185
#,3249,199
#,3250,209
#,3251,198
#,3252,200
#,3253,214
#,3254,208
#,3255,197
#,3256,200
#,3257,187
#,3258,189
#,3259,169
#,3260,160
#,3261,190
#,3262,176
#,3263,191
#,3264,188
#,3265,181
#,3266,194
#,3267,195
#,3268,198
#,3269,202
#,3270,195
#,3271,194
#,3272,205
#,3273,203
#,3274,198
#,3275,196
#,3276,195
#,3277,207
#,3278,211
#,3279,205
#,3280,189
#,3281,189
#,3282,187
#,3283,180
#,3284,178
#,3285,193
#,3286,202
#,3287,221
#,3288,225
#,3289,219
#,3290,216
#,3291,215
#,3292,212
#,3293,195
#,3294,204
#,3295,214
#,3296,206
#,3297,197
#,3298,204
#,3299,205
3300,3300,190
#,3301,190
#,3302,206
#,3303,200
#,3304,219
#,3305,212
#,3306,207
#,3307,193
#,3308,194
#,3309,210
#,3310,192
#,3311,204
#,3312,211
#,3313,207
#,3314,201
#,3315,195
#,3316,214
#,3317,203
#,3318,189
#,3319,182
#,3320,176
#,3321,185
#,3322,188
#,3323,179
#,3324,189
#,3325,176
#,3326,204
#,3327,210
#,3328,213
#,3329,199
#,3330,208
#,3331,211
#,3332,210
#,3333,196
#,3334,200
#,3335,213
#,3336,194
#,3337,193
#,3338,194
#,3339,178
#,3340,177
#,3341,160
#,3342,164
#,3343,172
#,3344,176
#,3345,180
#,3346,183
#,3347,201
#,3348,188
#,3349,204
#,3350,208
#,3351,217
#,3352,228
#,3353,215
#,3354,200
#,3355,191
#,3356,203
#,3357,217
#,3358,209
#,3359,202
#,3360,198
#,3361,198
#,3362,175
#,3363,180
#,3364,177
#,3365,178
#,3366,187
#,3367,176
#,3368,201
#,3369,192
#,3370,216
#,3371,204
#,3372,197
#,3373,203
#,3374,211
#,3375,223
#,3376,203
#,3377,195
#,3378,186
#,3379,181
#,3380,179
#,3381,196
#,3382,199
#,3383,202
#,3384,200
#,3385,196
#,3386,206
#,3387,207
#,3388,205
#,3389,201
#,3390,194
#,3391,191
#,3392,201
#,3393,203
#,3394,215
#,3395,194
#,3396,196
#,3397,196
#,3398,193
#,3399,193
3400,3400,180
#,3401,165
#,3402,169
#,3403,177
#,3404,185
#,3405,162
#,3406,165
#,3407,187
#,3408,200
#,3409,216
#,3410,219
#,3411,211
#,3412,190
#,3413,201
#,3414,191
#,3415,189
#,3416,204
#,3417,215
#,3418,212
#,3419,209
#,3420,211
#,3421,224
#,3422,209
#,3423,216
#,3424,223
#,3425,214
#,3426,212
#,3427,227
#,3428,228
#,3429,208
#,3430,206
#,3431,218
#,3432,207
#,3433,192
#,3434,193
#,3435,175
#,3436,187
#,3437,192
#,3438,197
#,3439,182
#,3440,195
#,3441,193
#,3442,185
#,3443,189
#,3444,197
#,3445,194
#,3446,202
#,3447,212
#,3448,190
#,3449,188
#,3450,200
#,3451,224
#,3452,222
#,3453,230
#,3454,224
#,3455,214
#,3456,210
#,3457,223
#,3458,211
#,3459,199
#,3460,209
#,3461,215
#,3462,226
#,3463,226
#,3464,203
#,3465,196
#,3466,188
#,3467,199
#,3468,200
#,3469,200
#,3470,197
#,3471,194
#,3472,203
#,3473,201
#,3474,187
#,3475,185
#,3476,204
#,3477,207
#,3478,195
#,3479,197
#,3480,188
#,3481,196
#,3482,205
#,3483,218
#,3484,208
#,3485,209
#,3486,217
#,3487,218
#,3488,203
#,3489,208
#,3490,199
#,3491,201
#,3492,209
#,3493,212
#,3494,219
#,3495,221
#,3496,210
#,3497,204
#,3498,216
#,3499,213
3500,3500,209
#,3501,219
#,3502,200
#,3503,196
#,3504,198
#,3505,179
#,3506,192
#,3507,195
#,3508,220
#,3509,223
#,3510,234
#,3511,230
#,3512,222
#,3513,230
#,3514,222
#,3515,217
#,3516,216
#,3517,234
#,3518,231
#,3519,213
#,3520,208
#,3521,211
#,3522,212
#,3523,213
#,3524,209
#,3525,209
#,3526,222
#,3527,203
#,3528,194
#,3529,194
#,3530,183
#,3531,202
#,3532,197
#,3533,193
#,3534,178
#,3535,188
#,3536,183
#,3537,197
#,3538,198
#,3539,199
#,3540,201
#,3541,206
#,3542,210
#,3543,194
#,3544,194
#,3545,198
#,3546,190
#,3547,195
#,3548,191
#,3549,198
#,3550,186
#,3551,181
#,3552,176
#,3553,193
#,3554,186
#,3555,186
#,3556,174
#,3557,165
#,3558,159
#,3559,180
#,3560,203
#,3561,212
#,3562,210
#,3563,225
#,3564,224
#,3565,210
#,3566,213
#,3567,223
#,3568,213
#,3569,223
#,3570,222
#,3571,218
#,3572,207
#,3573,194
#,3574,193
#,3575,201
#,3576,205
#,3577,191
#,3578,193
#,3579,171
#,3580,175
#,3581,173
#,3582,190
#,3583,202
#,3584,204
#,3585,216
#,3586,213
#,3587,221
#,3588,214
#,3589,209
#,3590,207
#,3591,213
#,3592,223
#,3593,230
#,3594,217
#,3595,219
#,3596,224
#,3597,203
#,3598,215
#,3599,206
3600,3600,195
#,3601,197
#,3602,197
#,3603,212
#,3604,216
#,3605,223
#,3606,217
#,3607,197
#,3608,184
#,3609,206
#,3610,203
#,3611,177
#,3612,201
#,3613,210
#,3614,205
#,3615,215
#,3616,202
#,3617,205
#,3618,203
#,3619,211
#,3620,215
#,3621,209
#,3622,194
#,3623,190
#,3624,193
#,3625,187
#,3626,188
#,3627,184
#,3628,173
#,3629,174
#,3630,184
#,3631,199
#,3632,204
#,3633,200
#,3634,198
#,3635,186
#,3636,202
#,3637,201
#,3638,210
#,3639,210
#,3640,198
#,3641,207
#,3642,217
#,3643,221
#,3644,217
#,3645,219
#,3646,210
#,3647,188
#,3648,186
#,3649,193
#,3650,185
#,3651,175
#,3652,167
#,3653,170
#,3654,170
#,3655,184
#,3656,200
#,3657,189
#,3658,211
#,3659,220
#,3660,233
#,3661,217
#,3662,207
#,3663,205
#,3664,190
#,3665,218
#,3666,226
#,3667,213
#,3668,222
#,3669,208
#,3670,223
#,3671,208
#,3672,225
#,3673,215
#,3674,218
#,3675,222
#,3676,222
#,3677,234
#,3678,240
#,3679,229
#,3680,222
#,3681,198
#,3682,202
#,3683,188
#,3684,213
#,3685,206
#,3686,212
#,3687,211
#,3688,211
#,3689,196
#,3690,228
#,3691,211
#,3692,216
#,3693,202
#,3694,219
#,3695,221
#,3696,229
#,3697,210
#,3698,224
#,3699,219
3700,3700,227
#,3701,251
#,3702,256
#,3703,243
#,3704,230
#,3705,238
#,3706,241
#,3707,248
#,3708,248
#,3709,231
#,3710,227
#,3711,224
#,3712,210
#,3713,200
#,3714,183
#,3715,186
#,3716,194
#,3717,191
#,3718,182
#,3719,197
#,3720,202
#,3721,203
#,3722,190
#,3723,200
#,3724,198
#,3725,187
#,3726,185
#,3727,199
#,3728,195
#,3729,188
#,3730,200
#,3731,196
#,3732,200
#,3733,197
#,3734,193
#,3735,185
#,3736,209
#,3737,196
#,3738,195
#,3739,204
#,3740,206
#,3741,213
#,3742,227
#,3743,240
#,3744,236
#,3745,236
#,3746,234
#,3747,231
#,3748,236
#,3749,224
#,3750,224
#,3751,219
#,3752,196
#,3753,203
#,3754,207
#,3755,220
#,3756,219
#,3757,205
#,3758,197
#,3759,210
#,3760,220
#,3761,205
#,3762,208
#,3763,193
#,3764,210
#,3765,208
#,3766,197
#,3767,212
#,3768,211
#,3769,202
#,3770,204
#,3771,212
#,3772,186
#,3773,188
#,3774,201
#,3775,201
#,3776,191
#,3777,186
#,3778,188
#,3779,188
#,3780,186
#,3781,184
#,3782,178
#,3783,190
#,3784,176
#,3785,185
#,3786,186
#,3787,205
#,3788,232
#,3789,232
#,3790,228
#,3791,249
#,3792,237
#,3793,214
#,3794,207
#,3795,226
#,3796,213
#,3797,192
#,3798,204
#,3799,201
3800,3800,207
#,3801,219
#,3802,199
#,3803,202
#,3804,209
#,3805,221
#,3806,231
#,3807,234
#,3808,227
#,3809,212
#,3810,212
#,3811,214
#,3812,224
#,3813,223
#,3814,220
#,3815,206
#,3816,204
#,3817,201
#,3818,213
#,3819,223
#,3820,220
#,3821,197
#,3822,186
#,3823,197
#,3824,201
#,3825,196
#,3826,198
#,3827,207
#,3828,213
#,3829,210
#,3830,200
#,3831,205
#,3832,212
#,3833,219
#,3834,201
#,3835,205
#,3836,212
#,3837,200
#,3838,203
#,3839,206
#,3840,200
#,3841,207
#,3842,209
#,3843,202
#,3844,193
#,3845,195
#,3846,184
#,3847,202
#,3848,187
#,3849,215
#,3850,232
#,3851,222
#,3852,213
#,3853,203
#,3854,205
#,3855,199
#,3856,198
#,3857,202
#,3858,203
#,3859,192
#,3860,193
#,3861,196
#,3862,204
#,3863,204
#,3864,194
#,3865,177
#,3866,192
#,3867,186
#,3868,189
#,3869,181
#,3870,189
#,3871,171
#,3872,186
#,3873,172
#,3874,191
#,3875,188
#,3876,198
#,3877,200
#,3878,197
#,3879,182
#,3880,180
#,3881,188
#,3882,193
#,3883,186
#,3884,189
#,3885,197
#,3886,192
#,3887,220
#,3888,228
#,3889,215
#,3890,195
#,3891,188
#,3892,190
#,3893,197
#,3894,189
#,3895,196
#,3896,195
#,3897,188
#,3898,196
#,3899,190
3900,3900,190
#,3901,207
#,3902,184
#,3903,194
#,3904,204
#,3905,213
#,3906,219
#,3907,222
#,3908,210
#,3909,218
#,3910,209
#,3911,206
#,3912,213
#,3913,206
#,3914,205
#,3915,198
#,3916,205
#,3917,206
#,3918,215
#,3919,227
#,3920,208
#,3921,202
#,3922,202
#,3923,221
#,3924,211
#,3925,204
#,3926,207
#,3927,208
#,3928,209
#,3929,201
#,3930,198
#,3931,210
#,3932,189
#,3933,190
#,3934,202
#,3935,201
#,3936,195
#,3937,181
#,3938,202
#,3939,195
#,3940,194
#,3941,199
#,3942,192
#,3943,187
#,3944,188
#,3945,207
#,3946,199
#,3947,186
#,3948,177
#,3949,187
#,3950,187
#,3951,205
#,3952,209
#,3953,208
#,3954,203
#,3955,223
#,3956,203
#,3957,198
#,3958,177
#,3959,179
#,3960,192
#,3961,215
#,3962,218
#,3963,232
#,3964,231
#,3965,220
#,3966,213
#,3967,180
#,3968,177
#,3969,175
#,3970,187
#,3971,191
#,3972,194
#,3973,197
#,3974,192
#,3975,207
#,3976,208
#,3977,200
#,3978,218
#,3979,204
#,3980,196
#,3981,190
#,3982,207
#,3983,199
#,3984,198
#,3985,194
#,3986,195
#,3987,204
#,3988,198
#,3989,191
#,3990,185
#,3991,179
#,3992,163
#,3993,187
#,3994,194
#,3995,188
#,3996,196
#,3997,200
#,3998,218
#,3999,213
4000,4000,212
#,4001,216
#,4002,228
#,4003,226
#,4004,240
#,4005,216
#,4006,217
#,4007,203
#,4008,187
#,4009,205
#,4010,194
#,4011,205
#,4012,199
#,4013,184
#,4014,174
#,4015,170
#,4016,182
#,4017,204
#,4018,214
#,4019,232
#,4020,223
#,4021,220
#,4022,228
#,4023,227
#,4024,213
#,4025,209
#,4026,207
#,4027,201
#,4028,196
#,4029,193
#,4030,205
#,4031,195
#,4032,171
#,4033,174
#,4034,180
#,4035,195
#,4036,186
#,4037,196
#,4038,180
#,4039,202
#,4040,208
#,4041,191
#,4042,189
#,4043,213
#,4044,198
#,4045,209
#,4046,209
#,4047,201
#,4048,204
#,4049,199
#,4050,213
#,4051,230
#,4052,213
#,4053,222
#,4054,216
#,4055,212
#,4056,196
#,4057,206
#,4058,199
#,4059,216
#,4060,230
#,4061,219
#,4062,235
#,4063,236
#,4064,229
#,4065,219
#,4066,212
#,4067,225
#,4068,227
#,4069,229
#,4070,246
#,4071,236
#,4072,222
#,4073,205
#,4074,206
#,4075,207
#,4076,197
#,4077,198
#,4078,199
#,4079,204
#,4080,195
#,4081,195
#,4082,207
#,4083,210
#,4084,198
#,4085,209
#,4086,213
#,4087,213
#,4088,203
#,4089,190
#,4090,186
#,4091,189
#,4092,183
#,4093,198
#,4094,208
#,4095,196
#,4096,204
#,4097,210
#,4098,220
#,4099,202
4100,4100,210
#,4101,239
#,4102,226
#,4103,190
#,4104,198
#,4105,192
#,4106,185
#,4107,196
#,4108,202
#,4109,206
#,4110,200
#,4111,204
#,4112,217
#,4113,210
#,4114,193
#,4115,192
#,4116,195
#,4117,195
#,4118,193
#,4119,192
#,4120,201
#,4121,183
#,4122,190
#,4123,175
#,4124,183
#,4125,186
#,4126,177
#,4127,191
#,4128,197
#,4129,203
#,4130,208
#,4131,208
#,4132,217
#,4133,218
#,4134,209
#,4135,195
#,4136,182
#,4137,175
#,4138,188
#,4139,184
#,4140,195
#,4141,194
#,4142,205
#,4143,190
#,4144,199
#,4145,188
#,4146,203
#,4147,192
#,4148,193
#,4149,207
#,4150,219
#,4151,218
#,4152,227
#,4153,228
#,4154,231
#,4155,238
#,4156,226
#,4157,211
#,4158,232
#,4159,216
#,4160,204
#,4161,222
#,4162,210
#,4163,207
#,4164,211
#,4165,227
#,4166,222
#,4167,210
#,4168,223
#,4169,217
#,4170,210
#,4171,196
#,4172,185
#,4173,170
#,4174,182
#,4175,177
#,4176,168
#,4177,182
#,4178,187
#,4179,202
#,4180,186
#,4181,164
#,4182,176
#,4183,185
#,4184,190
#,4185,181
#,4186,195
#,4187,194
#,4188,197
#,4189,206
#,4190,195
#,4191,201
#,4192,189
#,4193,200
#,4194,192
#,4195,198
#,4196,210
#,4197,213
#,4198,202
#,4199,202
4200,4200,201
#,4201,211
#,4202,222
#,4203,226
#,4204,214
#,4205,228
#,4206,232
#,4207,234
#,4208,237
#,4209,224
#,4210,191
#,4211,187
#,4212,191
#,4213,165
#,4214,182
#,4215,192
#,4216,189
#,4217,169
#,4218,177
#,4219,181
#,4220,180
#,4221,172
#,4222,180
#,4223,198
#,4224,204
#,4225,197
#,4226,193
#,4227,180
#,4228,175
#,4229,172
#,4230,181
#,4231,199
#,4232,218
#,4233,203
#,4234,205
#,4235,223
#,4236,215
#,4237,202
#,4238,195
#,4239,197
#,4240,204
#,4241,211
#,4242,218
#,4243,213
#,4244,195
#,4245,218
#,4246,209
#,4247,192
#,4248,198
#,4249,202
#,4250,199
#,4251,212
#,4252,223
#,4253,224
#,4254,211
#,4255,212
#,4256,224
#,4257,229
#,4258,209
#,4259,208
#,4260,197
#,4261,197
#,4262,219
#,4263,229
#,4264,221
#,4265,206
#,4266,201
#,4267,196
#,4268,189
#,4269,183
#,4270,180
#,4271,193
#,4272,193
#,4273,182
#,4274,199
#,4275,206
#,4276,206
#,4277,209
#,4278,217
#,4279,205
#,4280,214
#,4281,208
#,4282,194
#,4283,198
#,4284,193
#,4285,196
#,4286,200
#,4287,194
#,4288,202
#,4289,202
#,4290,220
#,4291,223
#,4292,218
#,4293,215
#,4294,206
#,4295,198
#,4296,207
#,4297,191
#,4298,210
#,4299,217
4300,4300,222
#,4301,213
#,4302,226
#,4303,213
#,4304,217
#,4305,193
#,4306,183
#,4307,189
#,4308,182
#,4309,197
#,4310,194
#,4311,201
#,4312,206
#,4313,211
#,4314,217
#,4315,203
#,4316,208
#,4317,217
#,4318,207
#,4319,199
#,4320,212
#,4321,211
#,4322,196
#,4323,182
#,4324,195
#,4325,216
#,4326,213
#,4327,243
#,4328,222
#,4329,213
#,4330,205
#,4331,193
#,4332,202
#,4333,192
#,4334,197
#,4335,187
#,4336,193
#,4337,197
#,4338,204
#,4339,198
#,4340,204
#,4341,208
#,4342,190
#,4343,188
#,4344,166
#,4345,180
#,4346,163
#,4347,182
#,4348,197
#,4349,204
#,4350,209
#,4351,216
#,4352,221
#,4353,208
#,4354,202
#,4355,222
#,4356,226
#,4357,224
#,4358,201
#,4359,210
#,4360,209
#,4361,199
#,4362,197
#,4363,200
#,4364,182
#,4365,186
#,4366,178
#,4367,197
#,4368,208
#,4369,232
#,4370,236
#,4371,231
#,4372,204
#,4373,208
#,4374,200
#,4375,203
#,4376,207
#,4377,208
#,4378,225
#,4379,205
#,4380,197
#,4381,187
#,4382,201
#,4383,228
#,4384,222
#,4385,214
#,4386,211
#,4387,213
#,4388,234
#,4389,223
#,4390,206
#,4391,195
#,4392,193
#,4393,197
#,4394,193
#,4395,200
#,4396,191
#,4397,195
#,4398,205
#,4399,213
4400,4400,203
#,4401,201
#,4402,186
#,4403,206
#,4404,224
#,4405,214
#,4406,203
#,4407,209
#,4408,202
#,4409,223
#,4410,220
#,4411,185
#,4412,188
#,4413,196
#,4414,199
#,4415,218
#,4416,212
#,4417,229
#,4418,226
#,4419,215
#,4420,215
#,4421,203
#,4422,223
#,4423,220
#,4424,198
#,4425,211
#,4426,207
#,4427,217
#,4428,218
#,4429,221
#,4430,215
#,4431,209
#,4432,208
#,4433,195
#,4434,206
#,4435,219
#,4436,217
#,4437,228
#,4438,236
#,4439,236
#,4440,233
#,4441,217
#,4442,224
#,4443,230
#,4444,217
#,4445,219
#,4446,224
#,4447,207
#,4448,207
#,4449,205
#,4450,207
#,4451,195
#,4452,190
#,4453,210
#,4454,204
#,4455,188
#,4456,192
#,4457,200
#,4458,207
#,4459,215
#,4460,235
#,4461,223
#,4462,213
#,4463,217
#,4464,223
#,4465,228
#,4466,217
#,4467,227
#,4468,228
#,4469,242
#,4470,236
#,4471,229
#,4472,215
#,4473,199
#,4474,195
#,4475,184
#,4476,187
#,4477,199
#,4478,195
#,4479,211
#,4480,204
#,4481,201
#,4482,215
#,4483,205
#,4484,203
#,4485,208
#,4486,204
#,4487,211
#,4488,213
#,4489,215
#,4490,203
#,4491,219
#,4492,223
#,4493,216
#,4494,226
#,4495,227
#,4496,221
#,4497,218
#,4498,210
#,4499,197
4500,4500,189
#,4501,182
#,4502,205
#,4503,200
#,4504,199
#,4505,180
#,4506,189
#,4507,186
#,4508,205
#,4509,188
#,4510,173
#,4511,180
#,4512,187
#,4513,209
#,4514,190
#,4515,188
#,4516,174
#,4517,191
#,4518,190
#,4519,181
#,4520,181
#,4521,186
#,4522,180
#,4523,161
#,4524,166
#,4525,186
#,4526,175
#,4527,172
#,4528,173
#,4529,189
#,4530,190
#,4531,196
#,4532,194
#,4533,193
#,4534,209
#,4535,197
#,4536,207
#,4537,225
#,4538,236
#,4539,210
#,4540,209
#,4541,203
#,4542,198
#,4543,209
#,4544,190
#,4545,189
#,4546,203
#,4547,209
#,4548,198
#,4549,203
#,4550,207
#,4551,205
#,4552,206
#,4553,238
#,4554,221
#,4555,227
#,4556,231
#,4557,241
#,4558,246
#,4559,240
#,4560,229
#,4561,210
#,4562,207
#,4563,194
#,4564,205
#,4565,194
#,4566,173
#,4567,188
#,4568,197
#,4569,186
#,4570,184
#,4571,184
#,4572,205
#,4573,197
#,4574,195
#,4575,197
#,4576,195
#,4577,197
#,4578,203
#,4579,200
#,4580,199
#,4581,200
#,4582,209
#,4583,213
#,4584,195
#,4585,194
#,4586,202
#,4587,206
#,4588,207
#,4589,225
#,4590,206
#,4591,204
#,4592,199
#,4593,194
#,4594,184
#,4595,196
#,4596,193
#,4597,187
#,4598,195
#,4599,206
4600,4600,193
#,4601,202
#,4602,222
#,4603,229
#,4604,206
#,4605,184
#,4606,186
#,4607,192
#,4608,186
#,4609,192
#,4610,202
#,4611,195
#,4612,205
#,4613,202
#,4614,189
#,4615,201
#,4616,203
#,4617,215
#,4618,214
#,4619,213
#,4620,219
#,4621,198
#,4622,191
#,4623,190
#,4624,177
#,4625,174
#,4626,193
#,4627,181
#,4628,204
#,4629,208
#,4630,205
#,4631,218
#,4632,208
#,4633,209
#,4634,223
#,4635,218
#,4636,201
#,4637,191
#,4638,194
#,4639,194
#,4640,190
#,4641,190
#,4642,199
#,4643,208
#,4644,191
#,4645,173
#,4646,180
#,4647,174
#,4648,180
#,4649,170
#,4650,181
#,4651,170
#,4652,171
#,4653,173
#,4654,181
#,4655,184
#,4656,181
#,4657,185
#,4658,185
#,4659,188
#,4660,201
#,4661,207
#,4662,201
#,4663,217
#,4664,221
#,4665,208
#,4666,208
#,4667,190
#,4668,182
#,4669,183
#,4670,189
#,4671,196
#,4672,197
#,4673,198
#,4674,185
#,4675,189
#,4676,189
#,4677,199
#,4678,219
#,4679,206
#,4680,208
#,4681,218
#,4682,229
#,4683,218
#,4684,206
#,4685,200
#,4686,201
#,4687,192
#,4688,195
#,4689,212
#,4690,223
#,4691,230
#,4692,211
#,4693,199
#,4694,203
#,4695,191
#,4696,197
#,4697,201
#,4698,199
#,4699,205
4700,4700,207
#,4701,207
#,4702,205
#,4703,214
#,4704,197
#,4705,199
#,4706,190
#,4707,193
#,4708,192
#,4709,195
#,4710,188
#,4711,195
#,4712,197
#,4713,199
#,4714,196
#,4715,185
#,4716,190
#,4717,194
#,4718,182
#,4719,177
#,4720,179
#,4721,176
#,4722,193
#,4723,198
#,4724,195
#,4725,202
#,4726,218
#,4727,223
#,4728,218
#,4729,226
#,4730,219
#,4731,197
#,4732,192
#,4733,202
#,4734,199
#,4735,212
#,4736,198
#,4737,206
#,4738,209
#,4739,208
#,4740,225
#,4741,219
#,4742,243
#,4743,241
#,4744,234
#,4745,218
#,4746,218
#,4747,224
#,4748,211
#,4749,217
#,4750,215
#,4751,215
#,4752,199
#,4753,195
#,4754,191
#,4755,190
#,4756,185
#,4757,167
#,4758,183
#,4759,184
#,4760,185
#,4761,178
#,4762,176
#,4763,182
#,4764,195
#,4765,198
#,4766,206
#,4767,207
#,4768,207
#,4769,194
#,4770,185
#,4771,185
#,4772,199
#,4773,182
#,4774,193
#,4775,192
#,4776,209
#,4777,193
#,4778,175
#,4779,189
#,4780,187
#,4781,176
#,4782,202
#,4783,179
#,4784,178
#,4785,182
#,4786,178
#,4787,182
#,4788,204
#,4789,193
#,4790,184
#,4791,191
#,4792,216
#,4793,215
#,4794,216
#,4795,226
#,4796,222
#,4797,223
#,4798,220
#,4799,196
4800,4800,196
#,4801,203
#,4802,205
#,4803,197
#,4804,201
#,4805,223
#,4806,222
#,4807,225
#,4808,223
#,4809,243
#,4810,244
#,4811,220
#,4812,226
#,4813,220
#,4814,221
#,4815,194
#,4816,185
#,4817,193
#,4818,194
#,4819,189
#,4820,169
#,4821,188
#,4822,193
#,4823,179
#,4824,181
#,4825,181
#,4826,184
#,4827,182
#,4828,196
#,4829,198
#,4830,206
#,4831,181
#,4832,187
#,4833,186
#,4834,181
#,4835,189
#,4836,201
#,4837,222
#,4838,215
#,4839,210
#,4840,199
#,4841,199
#,4842,192
#,4843,197
#,4844,195
#,4845,188
#,4846,186
#,4847,195
#,4848,210
#,4849,202
#,4850,212
#,4851,214
#,4852,203
#,4853,216
#,4854,203
#,4855,198
#,4856,209
#,4857,204
#,4858,226
#,4859,223
#,4860,222
#,4861,216
#,4862,209
#,4863,204
#,4864,201
#,4865,217
#,4866,214
#,4867,209
#,4868,196
#,4869,212
#,4870,203
#,4871,196
#,4872,220
#,4873,210
#,4874,213
#,4875,214
#,4876,204
#,4877,194
#,4878,181
#,4879,167
#,4880,192
#,4881,175
#,4882,171
#,4883,175
#,4884,178
#,4885,180
#,4886,197
#,4887,190
#,4888,205
#,4889,211
#,4890,209
#,4891,182
#,4892,199
#,4893,195
#,4894,205
#,4895,204
#,4896,198
#,4897,208
#,4898,201
#,4899,189
4900,4900,206
#,4901,205
#,4902,200
#,4903,199
#,4904,203
#,4905,204
#,4906,198
#,4907,222
#,4908,237
#,4909,201
#,4910,205
#,4911,186
#,4912,199
#,4913,212
#,4914,205
#,4915,191
#,4916,208
#,4917,214
#,4918,212
#,4919,229
#,4920,248
#,4921,243
#,4922,228
#,4923,223
#,4924,203
#,4925,216
#,4926,234
#,4927,220
#,4928,247
#,4929,220
#,4930,219
#,4931,217
#,4932,215
#,4933,219
#,4934,220
#,4935,204
#,4936,208
#,4937,208
#,4938,204
#,4939,187
#,4940,193
#,4941,180
#,4942,160
#,4943,172
#,4944,179
#,4945,196
#,4946,192
#,4947,188
#,4948,179
#,4949,188
#,4950,185
#,4951,194
#,4952,205
#,4953,207
#,4954,201
#,4955,203
#,4956,195
#,4957,201
#,4958,190
#,4959,179
#,4960,175
#,4961,190
#,4962,204
#,4963,206
#,4964,208
#,4965,215
#,4966,238
#,4967,228
#,4968,208
#,4969,205
#,4970,198
#,4971,188
#,4972,199
#,4973,186
#,4974,209
#,4975,196
#,4976,218
#,4977,225
#,4978,232
#,4979,228
#,4980,233
#,4981,211
#,4982,211
#,4983,202
#,4984,220
#,4985,197
#,4986,194
#,4987,210
#,4988,221
#,4989,215
#,4990,203
#,4991,200
#,4992,189
#,4993,188
#,4994,212
#,4995,197
#,4996,182
#,4997,174
#,4998,182
#,4999,187
5000,5000,183
#,5001,167
#,5002,191
#,5003,201
#,5004,199
#,5005,195
#,5006,185
#,5007,171
#,5008,182
#,5009,178
#,5010,170
#,5011,173
#,5012,169
#,5013,185
#,5014,189
#,5015,178
#,5016,187
#,5017,196
#,5018,193
#,5019,214
#,5020,194
#,5021,199
#,5022,195
#,5023,198
#,5024,202
#,5025,211
#,5026,204
#,5027,216
#,5028,226
#,5029,215
#,5030,212
#,5031,215
#,5032,229
#,5033,223
#,5034,218
#,5035,228
#,5036,209
#,5037,193
#,5038,195
#,5039,186
#,5040,174
#,5041,161
#,5042,169
#,5043,178
#,5044,183
#,5045,181
#,5046,170
#,5047,192
#,5048,189
#,5049,195
#,5050,192
#,5051,177
#,5052,194
#,5053,193
#,5054,177
#,5055,177
#,5056,196
#,5057,195
#,5058,203
#,5059,233
#,5060,249
#,5061,238
#,5062,251
#,5063,218
#,5064,208
#,5065,225
#,5066,225
#,5067,214
#,5068,214
#,5069,211
#,5070,209
#,5071,207
#,5072,230
#,5073,226
#,5074,236
#,5075,245
#,5076,245
#,5077,216
#,5078,204
#,5079,208
#,5080,217
#,5081,229
#,5082,217
#,5083,203
#,5084,205
#,5085,202
#,5086,208
#,5087,207
#,5088,192
#,5089,197
#,5090,188
#,5091,195
#,5092,200
#,5093,197
#,5094,183
#,5095,189
#,5096,200
#,5097,183
#,5098,188
#,5099,206
5100,5100,214
#,5101,209
#,5102,211
#,5103,213
#,5104,198
#,5105,199
#,5106,210
#,5107,207
#,5108,207
#,5109,187
#,5110,186
#,5111,193
#,5112,188
#,5113,196
#,5114,181
#,5115,187
#,5116,177
#,5117,186
#,5118,193
#,5119,200
#,5120,203
#,5121,215
#,5122,205
#,5123,185
#,5124,180
#,5125,206
#,5126,227
#,5127,229
#,5128,229
#,5129,216
#,5130,216
#,5131,211
#,5132,217
#,5133,201
#,5134,199
#,5135,200
#,5136,215
#,5137,217
#,5138,207
#,5139,231
#,5140,245
#,5141,246
#,5142,237
#,5143,231
#,5144,220
#,5145,215
#,5146,229
#,5147,214
#,5148,208
#,5149,221
#,5150,220
#,5151,214
#,5152,201
#,5153,204
#,5154,198
#,5155,208
#,5156,203
#,5157,188
#,5158,192
#,5159,208
#,5160,197
#,5161,196
#,5162,194
#,5163,199
#,5164,189
#,5165,179
#,5166,181
#,5167,187
#,5168,199
#,5169,202
#,5170,198
#,5171,186
#,5172,190
#,5173,188
#,5174,194
#,5175,184
#,5176,186
#,5177,168
#,5178,183
#,5179,194
#,5180,194
#,5181,185
#,5182,184
#,5183,185
#,5184,176
#,5185,194
#,5186,207
#,5187,212
#,5188,202
#,5189,197
#,5190,208
#,5191,198
#,5192,202
#,5193,213
#,5194,199
#,5195,195
#,5196,185
#,5197,185
#,5198,184
#,5199,190
5200,5200,189
#,5201,175
#,5202,179
#,5203,173
#,5204,193
#,5205,202
#,5206,220
#,5207,215
#,5208,223
#,5209,202
#,5210,194
#,5211,200
#,5212,197
#,5213,199
#,5214,207
#,5215,206
#,5216,201
#,5217,198
#,5218,192
#,5219,200
#,5220,216
#,5221,193
#,5222,195
#,5223,185
#,5224,184
#,5225,208
#,5226,212
#,5227,226
#,5228,203
#,5229,184
#,5230,193
#,5231,193
#,5232,204
#,5233,203
#,5234,200
#,5235,210
#,5236,216
#,5237,222
#,5238,203
#,5239,212
#,5240,213
#,5241,213
#,5242,202
#,5243,203
#,5244,188
#,5245,188
#,5246,187
#,5247,185
#,5248,189
#,5249,185
#,5250,195
#,5251,209
#,5252,224
#,5253,213
#,5254,221
#,5255,214
#,5256,210
#,5257,208
#,5258,204
#,5259,200
#,5260,220
#,5261,203
#,5262,211
#,5263,211
#,5264,218
#,5265,196
#,5266,214
#,5267,210
#,5268,197
#,5269,204
#,5270,208
#,5271,206
#,5272,207
#,5273,200
#,5274,202
#,5275,213
#,5276,214
#,5277,213
#,5278,211
#,5279,203
#,5280,204
#,5281,207
#,5282,189
#,5283,172
#,5284,183
#,5285,202
#,5286,204
#,5287,193
#,5288,210
#,5289,210
#,5290,211
#,5291,209
#,5292,221
#,5293,215
#,5294,207
#,5295,212
#,5296,186
#,5297,182
#,5298,201
#,5299,229
5300,5300,227
#,5301,226
#,5302,237
#,5303,215
#,5304,229
#,5305,212
#,5306,215
#,5307,221
#,5308,221
#,5309,213
#,5310,210
#,5311,207
#,5312,201
#,5313,200
#,5314,186
#,5315,198
#,5316,195
#,5317,211
#,5318,218
#,5319,231
#,5320,211
#,5321,192
#,5322,174
#,5323,185
#,5324,190
#,5325,191
#,5326,193
#,5327,206
#,5328,214
#,5329,209
#,5330,211
#,5331,194
#,5332,187
#,5333,191
#,5334,196
#,5335,185
#,5336,181
#,5337,191
#,5338,206
#,5339,205
#,5340,212
#,5341,201
#,5342,184
#,5343,180
#,5344,187
#,5345,191
#,5346,191
#,5347,193
#,5348,180
#,5349,183
#,5350,200
#,5351,205
#,5352,198
#,5353,213
#,5354,208
#,5355,228
#,5356,232
#,5357,222
#,5358,222
#,5359,230
#,5360,219
#,5361,216
#,5362,223
#,5363,208
#,5364,202
#,5365,215
#,5366,222
#,5367,227
#,5368,220
#,5369,235
#,5370,234
#,5371,226
#,5372,209
#,5373,212
#,5374,201
#,5375,193
#,5376,180
#,5377,199
#,5378,204
#,5379,203
#,5380,189
#,5381,203
#,5382,198
#,5383,191
#,5384,203
#,5385,182
#,5386,177
#,5387,183
#,5388,180
#,5389,177
#,5390,190
#,5391,197
#,5392,198
#,5393,202
#,5394,216
#,5395,209
#,5396,203
#,5397,194
#,5398,183
#,5399,203
5400,5400,191
#,5401,185
#,5402,176
#,5403,177
#,5404,194
#,5405,188
#,5406,183
#,5407,208
#,5408,199
#,5409,192
#,5410,186
#,5411,180
#,5412,191
#,5413,200
#,5414,206
#,5415,207
#,5416,212
#,5417,224
#,5418,223
#,5419,186
#,5420,194
#,5421,175
#,5422,185
#,5423,188
#,5424,198
#,5425,190
#,5426,193
#,5427,202
#,5428,204
#,5429,206
#,5430,215
#,5431,214
#,5432,195
#,5433,199
#,5434,208
#,5435,220
#,5436,205
#,5437,211
#,5438,225
#,5439,210
#,5440,203
#,5441,201
#,5442,206
#,5443,210
#,5444,223
#,5445,222
#,5446,186
#,5447,203
#,5448,199
#,5449,186
#,5450,190
#,5451,200
#,5452,199
#,5453,205
#,5454,189
#,5455,199
#,5456,188
#,5457,182
#,5458,192
#,5459,207
#,5460,216
#,5461,223
#,5462,214
#,5463,212
#,5464,202
#,5465,195
#,5466,201
#,5467,191
#,5468,187
#,5469,202
#,5470,206
#,5471,190
#,5472,198
#,5473,210
#,5474,199
#,5475,197
#,5476,208
#,5477,211
#,5478,208
#,5479,212
#,5480,212
#,5481,214
#,5482,218
#,5483,216
#,5484,197
#,5485,183
#,5486,205
#,5487,199
#,5488,201
#,5489,198
#,5490,188
#,5491,189
#,5492,189
#,5493,177
#,5494,184
#,5495,198
#,5496,204
#,5497,205
#,5498,219
#,5499,211
5500,5500,198
#,5501,217
#,5502,206
#,5503,196
#,5504,190
#,5505,201
#,5506,197
#,5507,206
#,5508,214
#,5509,220
#,5510,221
#,5511,215
#,5512,182
#,5513,170
#,5514,172
#,5515,178
#,5516,187
#,5517,185
#,5518,206
#,5519,188
#,5520,185
#,5521,190
#,5522,193
#,5523,208
#,5524,194
#,5525,224
#,5526,226
#,5527,220
#,5528,217
#,5529,228
#,5530,219
#,5531,219
#,5532,208
#,5533,213
#,5534,212
#,5535,215
#,5536,196
#,5537,198
#,5538,206
#,5539,197
#,5540,190
#,5541,195
#,5542,193
#,5543,205
#,5544,217
#,5545,199
#,5546,206
#,5547,211
#,5548,193
#,5549,213
#,5550,219
#,5551,248
#,5552,242
#,5553,237
#,5554,224
#,5555,213
#,5556,218
#,5557,191
#,5558,197
#,5559,202
#,5560,202
#,5561,216
#,5562,199
#,5563,204
#,5564,199
#,5565,205
#,5566,205
#,5567,200
#,5568,199
#,5569,203
#,5570,224
#,5571,236
#,5572,224
#,5573,230
#,5574,218
#,5575,212
#,5576,208
#,5577,196
#,5578,197
#,5579,182
#,5580,177
#,5581,189
#,5582,210
#,5583,200
#,5584,180
#,5585,200
#,5586,184
#,5587,194
#,5588,202
#,5589,192
#,5590,178
#,5591,189
#,5592,200
#,5593,178
#,5594,175
#,5595,176
#,5596,176
#,5597,163
#,5598,167
#,5599,177
5600,5600,179
#,5601,198
#,5602,187
#,5603,184
#,5604,168
#,5605,177
#,5606,199
#,5607,188
#,5608,199
#,5609,212
#,5610,207
#,5611,215
#,5612,211
#,5613,205
#,5614,191
#,5615,206
#,5616,189
#,5617,208
#,5618,220
#,5619,228
#,5620,228
#,5621,222
#,5622,224
#,5623,235
#,5624,236
#,5625,215
#,5626,216
#,5627,197
#,5628,198
#,5629,188
#,5630,193
#,5631,202
#,5632,201
#,5633,216
#,5634,226
#,5635,222
#,5636,218
#,5637,210
#,5638,187
#,5639,194
#,5640,202
#,5641,210
#,5642,208
#,5643,211
#,5644,209
#,5645,205
#,5646,201
#,5647,211
#,5648,219
#,5649,212
#,5650,222
#,5651,197
#,5652,195
#,5653,187
#,5654,189
#,5655,208
#,5656,214
#,5657,240
#,5658,219
#,5659,217
#,5660,197
#,5661,194
#,5662,181
#,5663,184
#,5664,176
#,5665,176
#,5666,204
#,5667,186
#,5668,198
#,5669,201
#,5670,203
#,5671,207
#,5672,196
#,5673,201
#,5674,213
#,5675,200
#,5676,217
#,5677,215
#,5678,211
#,5679,193
#,5680,186
#,5681,174
#,5682,190
#,5683,197
#,5684,182
#,5685,194
#,5686,193
#,5687,184
#,5688,188
#,5689,196
#,5690,212
#,5691,201
#,5692,218
#,5693,218
#,5694,206
#,5695,206
#,5696,209
#,5697,218
#,5698,211
#,5699,215
5700,5700,203
#,5701,190
#,5702,191
#,5703,188
#,5704,203
#,5705,185
#,5706,196
#,5707,193
#,5708,195
#,5709,186
#,5710,189
#,5711,193
#,5712,216
#,5713,195
#,5714,202
#,5715,211
#,5716,179
#,5717,179
#,5718,188
#,5719,201
#,5720,194
#,5721,178
#,5722,197
#,5723,205
#,5724,189
#,5725,201
#,5726,193
#,5727,203
#,5728,197
#,5729,213
#,5730,224
#,5731,226
#,5732,223
#,5733,212
#,5734,211
#,5735,227
#,5736,235
#,5737,242
#,5738,202
#,5739,189
#,5740,186
#,5741,194
#,5742,180
#,5743,177
#,5744,183
#,5745,185
#,5746,168
#,5747,181
#,5748,183
#,5749,197
#,5750,198
#,5751,196
#,5752,202
#,5753,207
#,5754,232
#,5755,237
#,5756,235
#,5757,219
#,5758,204
#,5759,213
#,5760,193
#,5761,187
#,5762,198
#,5763,211
#,5764,214
#,5765,202
#,5766,212
#,5767,213
#,5768,197
#,5769,197
#,5770,209
#,5771,211
#,5772,205
#,5773,219
#,5774,206
#,5775,198
#,5776,188
#,5777,187
#,5778,198
#,5779,206
#,5780,208
#,5781,226
#,5782,232
#,5783,217
#,5784,212
#,5785,202
#,5786,183
#,5787,206
#,5788,203
#,5789,179
#,5790,182
#,5791,163
#,5792,174
#,5793,166
#,5794,179
#,5795,186
#,5796,183
#,5797,193
#,5798,172
#,5799,151
5800,5800,181
#,5801,188
#,5802,186
#,5803,179
#,5804,183
#,5805,194
#,5806,180
#,5807,184
#,5808,183
#,5809,195
#,5810,201
#,5811,197
#,5812,193
#,5813,197
#,5814,186
#,5815,175
#,5816,191
#,5817,200
#,5818,204
#,5819,204
#,5820,226
#,5821,225
#,5822,217
#,5823,226
#,5824,248
#,5825,238
#,5826,243
#,5827,234
#,5828,203
#,5829,201
#,5830,203
#,5831,204
#,5832,210
#,5833,213
#,5834,238
#,5835,229
#,5836,224
#,5837,210
#,5838,203
#,5839,209
#,5840,205
#,5841,208
#,5842,237
#,5843,219
#,5844,212
#,5845,228
#,5846,228
#,5847,209
#,5848,209
#,5849,198
#,5850,199
#,5851,201
#,5852,186
#,5853,196
#,5854,203
#,5855,202
#,5856,197
#,5857,197
#,5858,193
#,5859,212
#,5860,215
#,5861,206
#,5862,208
#,5863,208
#,5864,200
#,5865,217
#,5866,212
#,5867,225
#,5868,210
#,5869,227
#,5870,211
#,5871,222
#,5872,217
#,5873,205
#,5874,210
#,5875,207
#,5876,219
#,5877,226
#,5878,238
#,5879,220
#,5880,217
#,5881,228
#,5882,231
#,5883,229
#,5884,227
#,5885,212
#,5886,212
#,5887,234
#,5888,223
#,5889,208
#,5890,197
#,5891,211
#,5892,205
#,5893,219
#,5894,219
#,5895,218
#,5896,211
#,5897,195
#,5898,201
#,5899,185
5900,5900,202
#,5901,209
#,5902,214
#,5903,217
#,5904,215
#,5905,193
#,5906,179
#,5907,175
#,5908,218
#,5909,231
#,5910,226
#,5911,212
#,5912,210
#,5913,209
#,5914,217
#,5915,231
#,5916,238
#,5917,249
#,5918,248
#,5919,226
#,5920,211
#,5921,227
#,5922,212
#,5923,233
#,5924,218
#,5925,226
#,5926,220
#,5927,213
#,5928,199
#,5929,189
#,5930,188
#,5931,176
#,5932,195
#,5933,211
#,5934,213
#,5935,195
#,5936,196
#,5937,207
#,5938,218
#,5939,199
#,5940,201
#,5941,190
#,5942,201
#,5943,194
#,5944,202
#,5945,202
#,5946,199
#,5947,209
#,5948,217
#,5949,205
#,5950,188
#,5951,213
#,5952,222
#,5953,237
#,5954,237
#,5955,254
#,5956,237
#,5957,236
#,5958,225
#,5959,223
#,5960,226
#,5961,213
#,5962,220
#,5963,220
#,5964,214
#,5965,229
#,5966,230
#,5967,230
#,5968,244
#,5969,241
#,5970,218
#,5971,213
#,5972,197
#,5973,216
#,5974,203
#,5975,207
#,5976,219
#,5977,216
#,5978,213
#,5979,219
#,5980,206
#,5981,193
#,5982,196
#,5983,186
#,5984,197
#,5985,195
#,5986,205
#,5987,216
#,5988,205
#,5989,213
#,5990,219
#,5991,197
#,5992,208
#,5993,199
#,5994,202
#,5995,210
#,5996,203
#,5997,197
#,5998,201
#,5999,208
6000,6000,213
#,6001,203
#,6002,208
#,6003,207
#,6004,202
#,6005,207
#,6006,203
#,6007,214
#,6008,228
#,6009,241
#,6010,236
#,6011,215
#,6012,202
#,6013,182
#,6014,173
#,6015,179
#,6016,191
#,6017,173
#,6018,168
#,6019,166
#,6020,169
#,6021,199
#,6022,201
#,6023,208
#,6024,223
#,6025,205
#,6026,197
#,6027,193
#,6028,190
#,6029,201
#,6030,237
#,6031,234
#,6032,223
#,6033,222
#,6034,206
#,6035,213
#,6036,212
#,6037,213
#,6038,218
#,6039,205
#,6040,214
#,6041,204
#,6042,216
#,6043,225
#,6044,219
#,6045,230
#,6046,217
#,6047,194
#,6048,208
#,6049,214
#,6050,202
#,6051,195
#,6052,201
#,6053,185
#,6054,177
#,6055,171
#,6056,173
#,6057,185
#,6058,189
#,6059,194
#,6060,181
#,6061,190
#,6062,182
#,6063,192
#,6064,191
#,6065,182
#,6066,197
#,6067,203
#,6068,179
#,6069,197
#,6070,196
#,6071,199
#,6072,206
#,6073,208
#,6074,222
#,6075,213
#,6076,219
#,6077,211
#,6078,227
#,6079,223
#,6080,220
#,6081,190
#,6082,205
#,6083,210
#,6084,198
#,6085,202
#,6086,205
#,6087,214
#,6088,222
#,6089,209
#,6090,220
#,6091,233
#,6092,223
#,6093,213
#,6094,218
#,6095,215
#,6096,224
#,6097,224
#,6098,232
#,6099,233
6100,6100,226
#,6101,230
#,6102,213
#,6103,203
#,6104,194
#,6105,193
#,6106,190
#,6107,199
#,6108,210
#,6109,226
#,6110,219
#,6111,201
#,6112,187
#,6113,182
#,6114,204
#,6115,202
#,6116,214
#,6117,218
#,6118,214
#,6119,216
#,6120,212
#,6121,203
#,6122,205
#,6123,208
#,6124,213
#,6125,208
#,6126,201
#,6127,188
#,6128,183
#,6129,203
#,6130,190
#,6131,205
#,6132,230
#,6133,212
#,6134,217
#,6135,216
#,6136,213
#,6137,204
#,6138,205
#,6139,201
#,6140,187
#,6141,195
#,6142,186
#,6143,181
#,6144,207
#,6145,209
#,6146,212
#,6147,214
#,6148,214
#,6149,209
#,6150,202
#,6151,177
#,6152,175
#,6153,189
#,6154,212
#,6155,207
#,6156,221
#,6157,217
#,6158,217
#,6159,224
#,6160,224
#,6161,206
#,6162,205
#,6163,213
#,6164,205
#,6165,209
#,6166,205
#,6167,214
#,6168,208
#,6169,209
#,6170,188
#,6171,204
#,6172,208
#,6173,212
#,6174,207
#,6175,207
#,6176,223
#,6177,232
#,6178,201
#,6179,211
#,6180,207
#,6181,189
#,6182,180
#,6183,191
#,6184,199
#,6185,218
#,6186,215
#,6187,215
#,6188,205
#,6189,183
#,6190,183
#,6191,178
#,6192,187
#,6193,203
#,6194,197
#,6195,181
#,6196,205
#,6197,197
#,6198,198
#,6199,202
6200,6200,220
#,6201,221
#,6202,224
#,6203,209
#,6204,207
#,6205,198
#,6206,200
#,6207,212
#,6208,202
#,6209,195
#,6210,195
#,6211,199
#,6212,200
#,6213,202
#,6214,200
#,6215,207
#,6216,196
#,6217,204
#,6218,179
#,6219,209
#,6220,209
#,6221,215
#,6222,213
#,6223,198
#,6224,205
#,6225,204
#,6226,198
#,6227,203
#,6228,209
#,6229,183
#,6230,186
#,6231,184
#,6232,177
#,6233,183
#,6234,176
#,6235,181
#,6236,184
#,6237,194
#,6238,201
#,6239,195
#,6240,204
#,6241,201
#,6242,188
#,6243,197
#,6244,201
#,6245,196
#,6246,203
#,6247,213
#,6248,209
#,6249,229
#,6250,237
#,6251,223
#,6252,208
#,6253,202
#,6254,199
#,6255,192
#,6256,187
#,6257,207
#,6258,206
#,6259,206
#,6260,208
#,6261,203
#,6262,206
#,6263,200
#,6264,197
#,6265,207
#,6266,212
#,6267,207
#,6268,208
#,6269,218
#,6270,208
#,6271,197
#,6272,190
#,6273,201
#,6274,196
#,6275,184
#,6276,184
#,6277,189
#,6278,192
#,6279,204
#,6280,195
#,6281,200
#,6282,196
#,6283,182
#,6284,179
#,6285,182
#,6286,186
#,6287,187
#,6288,192
#,6289,187
#,6290,218
#,6291,226
#,6292,231
#,6293,222
#,6294,221
#,6295,225
#,6296,228
#,6297,221
#,6298,208
#,6299,205
6300,6300,192
#,6301,166
#,6302,171
#,6303,166
#,6304,179
#,6305,168
#,6306,171
#,6307,177
#,6308,181
#,6309,186
#,6310,175
#,6311,167
#,6312,175
#,6313,177
#,6314,192
#,6315,197
#,6316,187
#,6317,193
#,6318,187
#,6319,201
#,6320,201
#,6321,210
#,6322,223
#,6323,222
#,6324,217
#,6325,215
#,6326,221
#,6327,239
#,6328,237
#,6329,227
#,6330,205
#,6331,213
#,6332,207
#,6333,204
#,6334,212
#,6335,215
#,6336,211
#,6337,225
#,6338,208
#,6339,202
#,6340,215
#,6341,201
#,6342,212
#,6343,205
#,6344,190
#,6345,189
#,6346,184
#,6347,195
#,6348,194
#,6349,197
#,6350,205
#,6351,219
#,6352,203
#,6353,205
#,6354,184
#,6355,189
#,6356,203
#,6357,207
#,6358,203
#,6359,200
#,6360,207
#,6361,215
#,6362,227
#,6363,221
#,6364,212
#,6365,199
#,6366,184
#,6367,186
#,6368,197
#,6369,186
#,6370,193
#,6371,196
#,6372,193
#,6373,189
#,6374,189
#,6375,180
#,6376,176
#,6377,188
#,6378,204
#,6379,218
#,6380,201
#,6381,198
#,6382,187
#,6383,198
#,6384,192
#,6385,210
#,6386,192
#,6387,200
#,6388,195
#,6389,184
#,6390,184
#,6391,176
#,6392,176
#,6393,171
#,6394,159
#,6395,164
#,6396,173
#,6397,197
#,6398,194
#,6399,195
6400,6400,194
#,6401,214
#,6402,204
#,6403,208
#,6404,216
#,6405,205
#,6406,205
#,6407,202
#,6408,189
#,6409,190
#,6410,206
#,6411,192
#,6412,205
#,6413,206
#,6414,204
#,6415,205
#,6416,214
#,6417,198
#,6418,211
#,6419,211
#,6420,224
#,6421,213
#,6422,200
#,6423,212
#,6424,202
#,6425,192
#,6426,200
#,6427,205
#,6428,189
#,6429,190
#,6430,186
#,6431,192
#,6432,190
#,6433,190
#,6434,188
#,6435,202
#,6436,195
#,6437,196
#,6438,192
#,6439,195
#,6440,205
#,6441,189
#,6442,179
#,6443,171
#,6444,169
#,6445,169
#,6446,177
#,6447,167
#,6448,198
#,6449,209
#,6450,211
#,6451,201
#,6452,209
#,6453,203
#,6454,191
#,6455,196
#,6456,209
#,6457,200
#,6458,194
#,6459,181
#,6460,175
#,6461,199
#,6462,192
#,6463,184
#,6464,168
#,6465,189
#,6466,204
#,6467,201
#,6468,185
#,6469,177
#,6470,158
#,6471,174
#,6472,188
#,6473,200
#,6474,211
#,6475,213
#,6476,214
#,6477,210
#,6478,201
#,6479,204
#,6480,201
#,6481,202
#,6482,181
#,6483,177
#,6484,195
#,6485,196
#,6486,201
#,6487,185
#,6488,158
#,6489,157
#,6490,165
#,6491,162
#,6492,160
#,6493,186
#,6494,205
#,6495,220
#,6496,208
#,6497,210
#,6498,210
#,6499,202
6500,6500,192
#,6501,200
#,6502,215
#,6503,222
#,6504,192
#,6505,182
#,6506,179
#,6507,189
#,6508,175
#,6509,179
#,6510,178
#,6511,192
#,6512,196
#,6513,214
#,6514,209
#,6515,203
#,6516,199
#,6517,199
#,6518,207
#,6519,208
#,6520,213
#,6521,210
#,6522,216
#,6523,207
#,6524,198
#,6525,207
#,6526,199
#,6527,208
#,6528,200
#,6529,218
#,6530,201
#,6531,194
#,6532,192
#,6533,203
#,6534,204
#,6535,215
#,6536,220
#,6537,209
#,6538,210
#,6539,202
#,6540,200
#,6541,216
#,6542,218
#,6543,209
#,6544,206
#,6545,209
#,6546,192
#,6547,212
#,6548,224
#,6549,221
#,6550,201
#,6551,198
#,6552,213
#,6553,202
#,6554,202
#,6555,195
#,6556,194
#,6557,194
#,6558,218
#,6559,205
#,6560,198
#,6561,211
#,6562,188
#,6563,190
#,6564,182
#,6565,189
#,6566,202
#,6567,198
#,6568,188
#,6569,186
#,6570,172
#,6571,193
#,6572,201
#,6573,222
#,6574,203
#,6575,197
#,6576,197
#,6577,194
#,6578,189
#,6579,187
#,6580,184
#,6581,185
#,6582,178
#,6583,183
#,6584,192
#,6585,206
#,6586,209
#,6587,203
#,6588,196
#,6589,197
#,6590,200
#,6591,215
#,6592,230
#,6593,222
#,6594,226
#,6595,211
#,6596,201
#,6597,201
#,6598,189
#,6599,181
6600,6600,183
#,6601,186
#,6602,202
#,6603,212
#,6604,214
#,6605,220
#,6606,216
#,6607,207
#,6608,208
#,6609,216
#,6610,221
#,6611,194
#,6612,175
#,6613,180
#,6614,182
#,6615,198
#,6616,191
#,6617,180
#,6618,185
#,6619,191
#,6620,205
#,6621,187
#,6622,194
#,6623,170
#,6624,163
#,6625,167
#,6626,177
#,6627,180
#,6628,193
#,6629,186
#,6630,200
#,6631,216
#,6632,228
#,6633,237
#,6634,217
#,6635,207
#,6636,197
#,6637,196
#,6638,219
#,6639,224
#,6640,205
#,6641,202
#,6642,217
#,6643,216
#,6644,207
#,6645,213
#,6646,209
#,6647,218
#,6648,219
#,6649,215
#,6650,199
#,6651,213
#,6652,206
#,6653,212
#,6654,202
#,6655,192
#,6656,191
#,6657,200
#,6658,200
#,6659,213
#,6660,213
#,6661,211
#,6662,210
#,6663,205
#,6664,202
#,6665,198
#,6666,196
#,6667,178
#,6668,196
#,6669,199
#,6670,213
#,6671,215
#,6672,223
#,6673,204
#,6674,210
#,6675,204
#,6676,197
#,6677,210
#,6678,185
#,6679,173
#,6680,174
#,6681,179
#,6682,189
#,6683,200
#,6684,188
#,6685,181
#,6686,187
#,6687,184
#,6688,203
#,6689,213
#,6690,199
#,6691,200
#,6692,204
#,6693,207
#,6694,204
#,6695,211
#,6696,197
#,6697,188
#,6698,209
#,6699,201
6700,6700,214
#,6701,218
#,6702,206
#,6703,218
#,6704,225
#,6705,224
#,6706,225
#,6707,230
#,6708,214
#,6709,219
#,6710,202
#,6711,200
#,6712,212
#,6713,223
#,6714,208
#,6715,201
#,6716,212
#,6717,203
#,6718,206
#,6719,205
#,6720,197
#,6721,200
#,6722,215
#,6723,196
#,6724,170
#,6725,170
#,6726,181
#,6727,197
#,6728,190
#,6729,183
#,6730,183
#,6731,204
#,6732,197
#,6733,188
#,6734,203
#,6735,201
#,6736,194
#,6737,185
#,6738,183
#,6739,197
#,6740,186
#,6741,173
#,6742,186
#,6743,189
#,6744,204
#,6745,189
#,6746,179
#,6747,189
#,6748,188
#,6749,201
#,6750,210
#,6751,203
#,6752,202
#,6753,210
#,6754,200
#,6755,185
#,6756,189
#,6757,197
#,6758,192
#,6759,199
#,6760,210
#,6761,209
#,6762,211
#,6763,207
#,6764,229
#,6765,213
#,6766,214
#,6767,207
#,6768,187
#,6769,186
#,6770,179
#,6771,192
#,6772,200
#,6773,208
#,6774,224
#,6775,209
#,6776,201
#,6777,190
#,6778,193
#,6779,192
#,6780,189
#,6781,194
#,6782,197
#,6783,205
#,6784,207
#,6785,219
#,6786,221
#,6787,208
#,6788,200
#,6789,159
#,6790,178
#,6791,188
#,6792,199
#,6793,203
#,6794,222
#,6795,217
#,6796,216
#,6797,193
#,6798,190
#,6799,174
6800,6800,187
#,6801,185
#,6802,181
#,6803,195
#,6804,192
#,6805,211
#,6806,197
#,6807,185
#,6808,188
#,6809,197
#,6810,204
#,6811,196
#,6812,191
#,6813,178
#,6814,185
#,6815,202
#,6816,191
#,6817,185
#,6818,195
#,6819,186
#,6820,170
#,6821,180
#,6822,174
#,6823,196
#,6824,196
#,6825,194
#,6826,198
#,6827,192
#,6828,201
#,6829,202
#,6830,211
#,6831,206
#,6832,202
#,6833,212
#,6834,214
#,6835,219
#,6836,216
#,6837,210
#,6838,208
#,6839,202
#,6840,200
#,6841,195
#,6842,209
#,6843,225
#,6844,208
#,6845,198
#,6846,185
#,6847,180
#,6848,189
#,6849,184
#,6850,212
#,6851,208
#,6852,211
#,6853,214
#,6854,227
#,6855,226
#,6856,218
#,6857,233
#,6858,239
#,6859,221
#,6860,214
#,6861,202
#,6862,210
#,6863,214
#,6864,227
#,6865,223
#,6866,217
#,6867,215
#,6868,225
#,6869,223
#,6870,218
#,6871,231
#,6872,214
#,6873,205
#,6874,222
#,6875,252
#,6876,271
#,6877,258
#,6878,251
#,6879,242
#,6880,236
#,6881,224
#,6882,208
#,6883,171
#,6884,183
#,6885,204
#,6886,218
#,6887,209
#,6888,207
#,6889,200
#,6890,201
#,6891,204
#,6892,204
#,6893,202
#,6894,207
#,6895,210
#,6896,216
#,6897,223
#,6898,224
#,6899,212
6900,6900,231
#,6901,221
#,6902,204
#,6903,183
#,6904,182
#,6905,177
#,6906,173
#,6907,200
#,6908,198
#,6909,195
#,6910,224
#,6911,211
#,6912,229
#,6913,218
#,6914,205
#,6915,201
#,6916,203
#,6917,211
#,6918,228
#,6919,219
#,6920,216
#,6921,209
#,6922,206
#,6923,226
#,6924,222
#,6925,214
#,6926,225
#,6927,210
#,6928,228
#,6929,230
#,6930,231
#,6931,222
#,6932,222
#,6933,214
#,6934,207
#,6935,219
#,6936,221
#,6937,207
#,6938,211
#,6939,206
#,6940,218
#,6941,214
#,6942,232
#,6943,243
#,6944,234
#,6945,224
#,6946,221
#,6947,207
#,6948,206
#,6949,200
#,6950,190
#,6951,178
#,6952,198
#,6953,194
#,6954,202
#,6955,214
#,6956,207
#,6957,201
#,6958,213
#,6959,228
#,6960,228
#,6961,225
#,6962,215
#,6963,209
#,6964,191
#,6965,195
#,6966,197
#,6967,186
#,6968,192
#,6969,196
#,6970,189
#,6971,186
#,6972,172
#,6973,166
#,6974,184
#,6975,200
#,6976,214
#,6977,193
#,6978,199
#,6979,196
#,6980,201
#,6981,229
#,6982,223
#,6983,215
#,6984,213
#,6985,212
#,6986,206
#,6987,203
#,6988,205
#,6989,215
#,6990,211
#,6991,225
#,6992,233
#,6993,191
#,6994,193
#,6995,204
#,6996,186
#,6997,188
#,6998,172
#,6999,173
7000,7000,190
#,7001,207
#,7002,201
#,7003,182
#,7004,201
#,7005,200
#,7006,188
#,7007,205
#,7008,225
#,7009,210
#,7010,209
#,7011,201
#,7012,196
#,7013,192
#,7014,195
#,7015,186
#,7016,197
#,7017,201
#,7018,200
#,7019,197
#,7020,186
#,7021,201
#,7022,209
#,7023,227
#,7024,224
#,7025,229
#,7026,230
#,7027,248
#,7028,259
#,7029,243
#,7030,218
#,7031,210
#,7032,208
#,7033,235
#,7034,211
#,7035,193
#,7036,200
#,7037,216
#,7038,216
#,7039,198
#,7040,194
#,7041,198
#,7042,201
#,7043,188
#,7044,194
#,7045,208
#,7046,215
#,7047,202
#,7048,209
#,7049,198
#,7050,192
#,7051,197
#,7052,193
#,7053,201
#,7054,214
#,7055,234
#,7056,214
#,7057,201
#,7058,210
#,7059,210
#,7060,207
#,7061,207
#,7062,212
#,7063,192
#,7064,190
#,7065,216
#,7066,230
#,7067,205
#,7068,202
#,7069,198
#,7070,211
#,7071,215
#,7072,222
#,7073,224
#,7074,217
#,7075,224
#,7076,212
#,7077,219
#,7078,216
#,7079,228
#,7080,237
#,7081,249
#,7082,245
#,7083,230
#,7084,207
#,7085,223
#,7086,224
#,7087,206
#,7088,217
#,7089,201
#,7090,197
#,7091,194
#,7092,205
#,7093,189
#,7094,176
#,7095,187
#,7096,190
#,7097,187
#,7098,204
#,7099,192
7100,7100,194
#,7101,196
#,7102,210
#,7103,211
#,7104,211
#,7105,208
#,7106,190
#,7107,177
#,7108,180
#,7109,197
#,7110,186
#,7111,192
#,7112,207
#,7113,202
#,7114,205
#,7115,196
#,7116,190
#,7117,208
#,7118,214
#,7119,210
#,7120,219
#,7121,227
#,7122,208
#,7123,215
#,7124,222
#,7125,216
#,7126,229
#,7127,223
#,7128,214
#,7129,211
#,7130,217
#,7131,208
#,7132,206
#,7133,199
#,7134,195
#,7135,206
#,7136,206
#,7137,208
#,7138,212
#,7139,199
#,7140,207
#,7141,211
#,7142,227
#,7143,205
#,7144,191
#,7145,183
#,7146,194
#,7147,205
#,7148,193
#,7149,193
#,7150,205
#,7151,193
#,7152,197
#,7153,209
#,7154,208
#,7155,218
#,7156,226
#,7157,210
#,7158,186
#,7159,204
#,7160,212
#,7161,215
#,7162,233
#,7163,221
#,7164,221
#,7165,196
#,7166,214
#,7167,210
#,7168,219
#,7169,211
#,7170,196
#,7171,210
#,7172,199
#,7173,197
#,7174,201
#,7175,180
#,7176,178
#,7177,183
#,7178,193
#,7179,199
#,7180,193
#,7181,201
#,7182,200
#,7183,204
#,7184,199
#,7185,210
#,7186,206
#,7187,199
#,7188,204
#,7189,202
#,7190,203
#,7191,210
#,7192,210
#,7193,207
#,7194,221
#,7195,208
#,7196,203
#,7197,205
#,7198,202
#,7199,222
7200,7200,213
#,7201,199
#,7202,196
#,7203,205
#,7204,228
#,7205,218
#,7206,203
#,7207,205
#,7208,207
#,7209,208
#,7210,202
#,7211,194
#,7212,196
#,7213,198
#,7214,191
#,7215,180
#,7216,176
#,7217,188
#,7218,183
#,7219,196
#,7220,209
#,7221,194
#,7222,199
#,7223,204
#,7224,195
#,7225,212
#,7226,218
#,7227,206
#,7228,194
#,7229,191
#,7230,195
#,7231,199
#,7232,204
#,7233,187
#,7234,198
#,7235,202
#,7236,215
#,7237,215
#,7238,210
#,7239,215
#,7240,222
#,7241,214
#,7242,223
#,7243,219
#,7244,198
#,7245,187
#,7246,191
#,7247,198
#,7248,200
#,7249,207
#,7250,188
#,7251,182
#,7252,170
#,7253,165
#,7254,156
#,7255,170
#,7256,180
#,7257,177
#,7258,186
#,7259,179
#,7260,186
#,7261,192
#,7262,201
#,7263,202
#,7264,205
#,7265,199
#,7266,196
#,7267,212
#,7268,200
#,7269,199
#,7270,216
#,7271,217
#,7272,222
#,7273,184
#,7274,205
#,7275,222
#,7276,217
#,7277,214
#,7278,209
#,7279,220
#,7280,213
#,7281,217
#,7282,211
#,7283,224
#,7284,224
#,7285,244
#,7286,220
#,7287,221
#,7288,216
#,7289,211
#,7290,208
#,7291,190
#,7292,190
#,7293,194
#,7294,183
#,7295,209
#,7296,194
#,7297,211
#,7298,234
#,7299,224
7300,7300,224
#,7301,223
#,7302,218
#,7303,212
#,7304,188
#,7305,203
#,7306,202
#,7307,193
#,7308,193
#,7309,180
#,7310,164
#,7311,162
#,7312,167
#,7313,188
#,7314,190
#,7315,188
#,7316,198
#,7317,196
#,7318,201
#,7319,216
#,7320,208
#,7321,213
#,7322,204
#,7323,216
#,7324,224
#,7325,215
#,7326,215
#,7327,211
#,7328,223
#,7329,184
#,7330,193
#,7331,203
#,7332,192
#,7333,182
#,7334,192
#,7335,186
#,7336,180
#,7337,193
#,7338,197
#,7339,218
#,7340,217
#,7341,211
#,7342,210
#,7343,209
#,7344,204
#,7345,213
#,7346,196
#,7347,197
#,7348,198
#,7349,193
#,7350,189
#,7351,183
#,7352,196
#,7353,203
#,7354,206
#,7355,224
#,7356,218
#,7357,213
#,7358,204
#,7359,191
#,7360,183
#,7361,198
#,7362,220
#,7363,204
#,7364,211
#,7365,218
#,7366,232
#,7367,230
#,7368,222
#,7369,230
#,7370,212
#,7371,210
#,7372,222
#,7373,204
#,7374,215
#,7375,214
#,7376,205
#,7377,196
#,7378,188
#,7379,200
#,7380,211
#,7381,183
#,7382,189
#,7383,203
#,7384,204
#,7385,196
#,7386,188
#,7387,197
#,7388,223
#,7389,216
#,7390,220
#,7391,215
#,7392,208
#,7393,197
#,7394,198
#,7395,208
#,7396,198
#,7397,198
#,7398,204
#,7399,197
7400,7400,191
#,7401,203
#,7402,201
#,7403,198
#,7404,181
#,7405,173
#,7406,175
#,7407,173
#,7408,174
#,7409,188
#,7410,168
#,7411,166
#,7412,178
#,7413,191
#,7414,203
#,7415,198
#,7416,215
#,7417,202
#,7418,190
#,7419,193
#,7420,193
#,7421,188
#,7422,204
#,7423,205
#,7424,194
#,7425,193
#,7426,197
#,7427,190
#,7428,203
#,7429,194
#,7430,193
#,7431,214
#,7432,200
#,7433,208
#,7434,214
#,7435,206
#,7436,221
#,7437,226
#,7438,216
#,7439,231
#,7440,251
#,7441,218
#,7442,203
#,7443,199
#,7444,185
#,7445,180
#,7446,192
#,7447,191
#,7448,192
#,7449,202
#,7450,178
#,7451,183
#,7452,202
#,7453,206
#,7454,205
#,7455,206
#,7456,218
#,7457,206
#,7458,213
#,7459,215
#,7460,210
#,7461,204
#,7462,210
#,7463,201
#,7464,208
#,7465,220
#,7466,215
#,7467,221
#,7468,213
#,7469,208
#,7470,200
#,7471,200
#,7472,200
#,7473,194
#,7474,213
#,7475,197
#,7476,188
#,7477,184
#,7478,185
#,7479,188
#,7480,181
#,7481,204
#,7482,193
#,7483,165
#,7484,189
#,7485,194
#,7486,189
#,7487,191
#,7488,191
#,7489,190
#,7490,184
#,7491,191
#,7492,190
#,7493,191
#,7494,198
#,7495,202
#,7496,192
#,7497,192
#,7498,175
#,7499,178
7500,7500,204
#,7501,211
#,7502,206
#,7503,210
#,7504,215
#,7505,205
#,7506,195
#,7507,192
#,7508,190
#,7509,212
#,7510,204
#,7511,198
#,7512,199
#,7513,200
#,7514,202
#,7515,219
#,7516,210
#,7517,207
#,7518,192
#,7519,187
#,7520,194
#,7521,215
#,7522,208
#,7523,215
#,7524,217
#,7525,209
#,7526,199
#,7527,223
#,7528,219
#,7529,218
#,7530,218
#,7531,230
#,7532,241
#,7533,237
#,7534,246
#,7535,231
#,7536,207
#,7537,222
#,7538,212
#,7539,205
#,7540,207
#,7541,205
#,7542,191
#,7543,191
#,7544,195
#,7545,203
#,7546,201
#,7547,195
#,7548,183
#,7549,176
#,7550,198
#,7551,223
#,7552,230
#,7553,230
#,7554,226
#,7555,223
#,7556,204
#,7557,208
#,7558,223
#,7559,215
#,7560,215
#,7561,213
#,7562,203
#,7563,195
#,7564,197
#,7565,201
#,7566,205
#,7567,208
#,7568,212
#,7569,196
#,7570,204
#,7571,196
#,7572,205
#,7573,195
#,7574,202
#,7575,220
#,7576,202
#,7577,185
#,7578,184
#,7579,186
#,7580,199
#,7581,211
#,7582,218
#,7583,211
#,7584,232
#,7585,217
#,7586,220
#,7587,203
#,7588,205
#,7589,174
#,7590,185
#,7591,206
#,7592,213
#,7593,219
#,7594,208
#,7595,206
#,7596,213
#,7597,207
#,7598,208
#,7599,229
7600,7600,197
#,7601,194
#,7602,182
#,7603,191
#,7604,195
#,7605,220
#,7606,223
#,7607,225
#,7608,227
#,7609,229
#,7610,212
#,7611,215
#,7612,241
#,7613,237
#,7614,221
#,7615,231
#,7616,220
#,7617,222
#,7618,216
#,7619,197
#,7620,198
#,7621,213
#,7622,231
#,7623,230
#,7624,207
#,7625,183
#,7626,184
#,7627,182
#,7628,184
#,7629,197
#,7630,177
#,7631,177
#,7632,168
#,7633,170
#,7634,182
#,7635,183
#,7636,184
#,7637,190
#,7638,199
#,7639,196
#,7640,204
#,7641,184
#,7642,168
#,7643,169
#,7644,175
#,7645,197
#,7646,191
#,7647,212
#,7648,196
#,7649,198
#,7650,189
#,7651,178
#,7652,179
#,7653,196
#,7654,197
#,7655,211
#,7656,194
#,7657,204
#,7658,211
#,7659,208
#,7660,221
#,7661,225
#,7662,215
#,7663,207
#,7664,208
#,7665,223
#,7666,218
#,7667,216
#,7668,200
#,7669,199
#,7670,207
#,7671,199
#,7672,199
#,7673,199
#,7674,204
#,7675,201
#,7676,214
#,7677,209
#,7678,201
#,7679,198
#,7680,189
#,7681,190
#,7682,198
#,7683,198
#,7684,196
#,7685,183
#,7686,209
#,7687,226
#,7688,208
#,7689,201
#,7690,201
#,7691,221
#,7692,212
#,7693,220
#,7694,217
#,7695,221
#,7696,225
#,7697,222
#,7698,207
#,7699,200
7700,7700,206
#,7701,215
#,7702,198
#,7703,203
#,7704,192
#,7705,182
#,7706,169
#,7707,189
#,7708,194
#,7709,203
#,7710,211
#,7711,221
#,7712,205
#,7713,225
#,7714,203
#,7715,208
#,7716,217
#,7717,221
#,7718,208
#,7719,199
#,7720,213
#,7721,220
#,7722,200
#,7723,205
#,7724,223
#,7725,221
#,7726,210
#,7727,208
#,7728,202
#,7729,204
#,7730,197
#,7731,199
#,7732,201
#,7733,206
#,7734,209
#,7735,202
#,7736,195
#,7737,209
#,7738,211
#,7739,187
#,7740,196
#,7741,208
#,7742,204
#,7743,200
#,7744,214
#,7745,234
#,7746,210
#,7747,198
#,7748,207
#,7749,203
#,7750,202
#,7751,204
#,7752,227
#,7753,221
#,7754,222
#,7755,227
#,7756,217
#,7757,210
#,7758,206
#,7759,196
#,7760,215
#,7761,214
#,7762,204
#,7763,193
#,7764,195
#,7765,190
#,7766,187
#,7767,181
#,7768,183
#,7769,197
#,7770,199
#,7771,178
#,7772,188
#,7773,189
#,7774,193
#,7775,199
#,7776,213
#,7777,211
#,7778,224
#,7779,224
#,7780,228
#,7781,232
#,7782,225
#,7783,229
#,7784,205
#,7785,207
#,7786,194
#,7787,202
#,7788,198
#,7789,206
#,7790,189
#,7791,186
#,7792,182
#,7793,176
#,7794,176
#,7795,179
#,7796,163
#,7797,150
#,7798,151
#,7799,169
7800,7800,177
#,7801,182
#,7802,218
#,7803,219
#,7804,230
#,7805,233
#,7806,240
#,7807,230
#,7808,233
#,7809,243
#,7810,231
#,7811,227
#,7812,220
#,7813,218
#,7814,211
#,7815,234
#,7816,235
#,7817,226
#,7818,206
#,7819,198
#,7820,189
#,7821,197
#,7822,208
#,7823,196
#,7824,205
#,7825,216
#,7826,205
#,7827,208
#,7828,216
#,7829,240
#,7830,247
#,7831,244
#,7832,232
#,7833,215
#,7834,215
#,7835,235
#,7836,226
#,7837,213
#,7838,201
#,7839,196
#,7840,216
#,7841,201
#,7842,205
#,7843,205
#,7844,215
#,7845,214
#,7846,206
#,7847,217
#,7848,213
#,7849,199
#,7850,206
#,7851,204
#,7852,212
#,7853,196
#,7854,213
#,7855,223
#,7856,217
#,7857,230
#,7858,195
#,7859,191
#,7860,180
#,7861,164
#,7862,175
#,7863,178
#,7864,167
#,7865,162
#,7866,180
#,7867,187
#,7868,199
#,7869,195
#,7870,193
#,7871,202
#,7872,214
#,7873,228
#,7874,224
#,7875,219
#,7876,202
#,7877,184
#,7878,191
#,7879,200
#,7880,231
#,7881,220
#,7882,217
#,7883,207
#,7884,223
#,7885,209
#,7886,206
#,7887,193
#,7888,187
#,7889,196
#,7890,208
#,7891,221
#,7892,214
#,7893,207
#,7894,212
#,7895,219
#,7896,208
#,7897,203
#,7898,189
#,7899,188
7900,7900,202
#,7901,186
#,7902,207
#,7903,208
#,7904,218
#,7905,219
#,7906,208
#,7907,205
#,7908,212
#,7909,206
#,7910,214
#,7911,210
#,7912,206
#,7913,219
#,7914,200
#,7915,196
#,7916,204
#,7917,197
#,7918,193
#,7919,185
#,7920,211
#,7921,208
#,7922,217
#,7923,218
#,7924,206
#,7925,211
#,7926,209
#,7927,185
#,7928,175
#,7929,182
#,7930,180
#,7931,178
#,7932,191
#,7933,204
#,7934,195
#,7935,216
#,7936,202
#,7937,200
#,7938,208
#,7939,192
#,7940,203
#,7941,192
#,7942,190
#,7943,212
#,7944,217
#,7945,215
#,7946,203
#,7947,209
#,7948,219
#,7949,218
#,7950,211
#,7951,203
#,7952,199
#,7953,189
#,7954,207
#,7955,208
#,7956,209
#,7957,197
#,7958,202
#,7959,190
#,7960,202
#,7961,200
#,7962,206
#,7963,203
#,7964,195
#,7965,192
#,7966,193
#,7967,205
#,7968,198
#,7969,188
#,7970,188
#,7971,184
#,7972,182
#,7973,180
#,7974,201
#,7975,192
#,7976,187
#,7977,153
#,7978,158
#,7979,175
#,7980,183
#,7981,183
#,7982,186
#,7983,200
#,7984,197
#,7985,206
#,7986,204
#,7987,191
#,7988,189
#,7989,202
#,7990,217
#,7991,207
#,7992,201
#,7993,187
#,7994,194
#,7995,184
#,7996,190
#,7997,204
#,7998,196
#,7999,198
8000,8000,195
#,8001,192
#,8002,202
#,8003,204
#,8004,194
#,8005,207
#,8006,207
#,8007,213
#,8008,216
#,8009,214
#,8010,210
#,8011,198
#,8012,183
#,8013,192
#,8014,190
#,8015,181
#,8016,191
#,8017,197
#,8018,196
#,8019,196
#,8020,191
#,8021,211
#,8022,202
#,8023,221
#,8024,225
#,8025,220
#,8026,231
#,8027,215
#,8028,214
#,8029,200
#,8030,200
#,8031,196
#,8032,194
#,8033,203
#,8034,185
#,8035,194
#,8036,202
#,8037,202
#,8038,193
#,8039,195
#,8040,201
#,8041,208
#,8042,206
#,8043,207
#,8044,206
#,8045,202
#,8046,203
#,8047,201
#,8048,212
#,8049,223
#,8050,211
#,8051,205
#,8052,213
#,8053,226
#,8054,217
#,8055,220
#,8056,211
#,8057,190
#,8058,189
#,8059,177
#,8060,175
#,8061,178
#,8062,197
#,8063,192
#,8064,184
#,8065,177
#,8066,190
#,8067,204
#,8068,209
#,8069,218
#,8070,207
#,8071,211
#,8072,199
#,8073,208
#,8074,202
#,8075,212
#,8076,179
#,8077,181
#,8078,177
#,8079,192
#,8080,204
#,8081,212
#,8082,210
#,8083,195
#,8084,192
#,8085,213
#,8086,199
#,8087,205
#,8088,203
#,8089,215
#,8090,230
#,8091,221
#,8092,224
#,8093,217
#,8094,208
#,8095,199
#,8096,214
#,8097,207
#,8098,201
#,8099,200
8100,8100,200
#,8101,217
#,8102,208
#,8103,203
#,8104,207
#,8105,196
#,8106,187
#,8107,194
#,8108,207
#,8109,208
#,8110,219
#,8111,229
#,8112,200
#,8113,192
#,8114,204
#,8115,210
#,8116,210
#,8117,193
#,8118,197
#,8119,200
#,8120,204
#,8121,195
#,8122,189
#,8123,181
#,8124,165
#,8125,167
#,8126,176
#,8127,190
#,8128,201
#,8129,202
#,8130,206
#,8131,210
#,8132,208
#,8133,201
#,8134,209
#,8135,199
#,8136,213
#,8137,213
#,8138,211
#,8139,218
#,8140,221
#,8141,208
#,8142,219
#,8143,233
#,8144,231
#,8145,226
#,8146,222
#,8147,200
#,8148,176
#,8149,182
#,8150,192
#,8151,192
#,8152,202
#,8153,203
#,8154,201
#,8155,205
#,8156,210
#,8157,214
#,8158,226
#,8159,213
#,8160,199
#,8161,195
#,8162,190
#,8163,207
#,8164,206
#,8165,194
#,8166,200
#,8167,200
#,8168,220
#,8169,215
#,8170,225
#,8171,205
#,8172,196
#,8173,205
#,8174,198
#,8175,215
#,8176,220
#,8177,210
#,8178,208
#,8179,222
#,8180,209
#,8181,197
#,8182,208
#,8183,221
#,8184,206
#,8185,203
#,8186,221
#,8187,231
#,8188,235
#,8189,228
#,8190,209
#,8191,197
#,8192,212
#,8193,204
#,8194,191
#,8195,194
#,8196,195
#,8197,183
#,8198,194
#,8199,192
8200,8200,219
#,8201,218
#,8202,227
#,8203,221
#,8204,205
#,8205,214
#,8206,203
#,8207,218
#,8208,210
#,8209,195
#,8210,210
#,8211,202
#,8212,209
#,8213,207
#,8214,226
#,8215,207
#,8216,218
#,8217,211
#,8218,211
#,8219,248
#,8220,232
#,8221,217
#,8222,203
#,8223,204
#,8224,214
#,8225,207
#,8226,221
#,8227,211
#,8228,213
#,8229,208
#,8230,197
#,8231,177
#,8232,199
#,8233,194
#,8234,187
#,8235,189
#,8236,194
#,8237,187
#,8238,196
#,8239,204
#,8240,206
#,8241,199
#,8242,176
#,8243,169
#,8244,186
#,8245,192
#,8246,198
#,8247,196
#,8248,205
#,8249,227
#,8250,217
#,8251,201
#,8252,204
#,8253,209
#,8254,215
#,8255,208
#,8256,203
#,8257,196
#,8258,205
#,8259,196
#,8260,195
#,8261,198
#,8262,203
#,8263,217
#,8264,230
#,8265,231
#,8266,210
#,8267,213
#,8268,221
#,8269,225
#,8270,227
#,8271,207
#,8272,206
#,8273,213
#,8274,231
#,8275,226
#,8276,229
#,8277,231
#,8278,232
#,8279,212
#,8280,209
#,8281,202
#,8282,200
#,8283,211
#,8284,204
#,8285,212
#,8286,217
#,8287,201
#,8288,231
#,8289,238
#,8290,224
#,8291,222
#,8292,207
#,8293,199
#,8294,183
#,8295,196
#,8296,216
#,8297,238
#,8298,245
#,8299,243
8300,8300,234
#,8301,223
#,8302,226
#,8303,235
#,8304,217
#,8305,210
#,8306,202
#,8307,211
#,8308,189
#,8309,186
#,8310,184
#,8311,171
#,8312,163
#,8313,173
#,8314,171
#,8315,168
#,8316,181
#,8317,176
#,8318,191
#,8319,183
#,8320,184
#,8321,197
#,8322,191
#,8323,197
#,8324,209
#,8325,202
#,8326,192
#,8327,198
#,8328,198
#,8329,202
#,8330,213
#,8331,210
#,8332,213
#,8333,230
#,8334,216
#,8335,203
#,8336,188
#,8337,193
#,8338,199
#,8339,212
#,8340,216
#,8341,208
#,8342,195
#,8343,216
#,8344,205
#,8345,210
#,8346,204
#,8347,196
#,8348,202
#,8349,214
#,8350,229
#,8351,212
#,8352,203
#,8353,190
#,8354,183
#,8355,196
#,8356,193
#,8357,209
#,8358,208
#,8359,206
#,8360,201
#,8361,186
#,8362,202
#,8363,218
#,8364,207
#,8365,224
#,8366,223
#,8367,219
#,8368,213
#,8369,221
#,8370,222
#,8371,221
#,8372,208
#,8373,208
#,8374,211
#,8375,190
#,8376,178
#,8377,201
#,8378,209
#,8379,208
#,8380,210
#,8381,205
#,8382,211
#,8383,218
#,8384,203
#,8385,201
#,8386,202
#,8387,209
#,8388,224
#,8389,215
#,8390,214
#,8391,225
#,8392,231
#,8393,222
#,8394,211
#,8395,213
#,8396,201
#,8397,188
#,8398,187
#,8399,186
8400,8400,191
#,8401,182
#,8402,167
#,8403,168
#,8404,190
#,8405,193
#,8406,196
#,8407,203
#,8408,190
#,8409,191
#,8410,191
#,8411,191
#,8412,200
#,8413,200
#,8414,205
#,8415,196
#,8416,205
#,8417,202
#,8418,197
#,8419,205
#,8420,212
#,8421,206
#,8422,209
#,8423,214
#,8424,218
#,8425,199
#,8426,190
#,8427,193
#,8428,202
#,8429,203
#,8430,189
#,8431,188
#,8432,215
#,8433,223
#,8434,227
#,8435,231
#,8436,211
#,8437,212
#,8438,229
#,8439,219
#,8440,188
#,8441,206
#,8442,201
#,8443,181
#,8444,199
#,8445,183
#,8446,196
#,8447,186
#,8448,210
#,8449,221
#,8450,224
#,8451,208
#,8452,210
#,8453,208
#,8454,214
#,8455,203
#,8456,207
#,8457,206
#,8458,203
#,8459,196
#,8460,212
#,8461,223
#,8462,236
#,8463,233
#,8464,222
#,8465,216
#,8466,209
#,8467,210
#,8468,221
#,8469,219
#,8470,214
#,8471,204
#,8472,210
#,8473,208
#,8474,211
#,8475,224
#,8476,205
#,8477,201
#,8478,201
#,8479,179
#,8480,173
#,8481,177
#,8482,189
#,8483,197
#,8484,205
#,8485,204
#,8486,204
#,8487,205
#,8488,214
#,8489,219
#,8490,201
#,8491,193
#,8492,193
#,8493,206
#,8494,203
#,8495,204
#,8496,201
#,8497,220
#,8498,215
#,8499,210
8500,8500,206
#,8501,211
#,8502,205
#,8503,204
#,8504,214
#,8505,214
#,8506,218
#,8507,221
#,8508,227
#,8509,226
#,8510,204
#,8511,190
#,8512,195
#,8513,192
#,8514,195
#,8515,200
#,8516,211
#,8517,194
#,8518,180
#,8519,198
#,8520,196
#,8521,198
#,8522,194
#,8523,185
#,8524,187
#,8525,205
#,8526,195
#,8527,194
#,8528,205
#,8529,202
#,8530,202
#,8531,207
#,8532,214
#,8533,215
#,8534,219
#,8535,216
#,8536,221
#,8537,229
#,8538,230
#,8539,229
#,8540,218
#,8541,208
#,8542,196
#,8543,190
#,8544,186
#,8545,198
#,8546,190
#,8547,182
#,8548,195
#,8549,208
#,8550,211
#,8551,217
#,8552,216
#,8553,204
#,8554,216
#,8555,217
#,8556,224
#,8557,215
#,8558,189
#,8559,195
#,8560,196
#,8561,199
#,8562,186
#,8563,193
#,8564,180
#,8565,177
#,8566,180
#,8567,182
#,8568,180
#,8569,191
#,8570,194
#,8571,175
#,8572,182
#,8573,188
#,8574,198
#,8575,210
#,8576,225
#,8577,213
#,8578,205
#,8579,211
#,8580,205
#,8581,195
#,8582,187
#,8583,190
#,8584,206
#,8585,218
#,8586,231
#,8587,212
#,8588,210
#,8589,214
#,8590,217
#,8591,228
#,8592,244
#,8593,242
#,8594,250
#,8595,227
#,8596,238
#,8597,216
#,8598,206
#,8599,179
8600,8600,184
#,8601,175
#,8602,175
#,8603,189
#,8604,204
#,8605,204
#,8606,206
#,8607,198
#,8608,189
#,8609,182
#,8610,187
#,8611,196
#,8612,204
#,8613,214
#,8614,216
#,8615,207
#,8616,219
#,8617,201
#,8618,218
#,8619,212
#,8620,211
#,8621,196
#,8622,174
#,8623,183
#,8624,188
#,8625,182
#,8626,174
#,8627,183
#,8628,184
#,8629,184
#,8630,185
#,8631,163
#,8632,173
#,8633,181
#,8634,187
#,8635,197
#,8636,190
#,8637,196
#,8638,194
#,8639,184
#,8640,202
#,8641,207
#,8642,200
#,8643,208
#,8644,212
#,8645,211
#,8646,214
#,8647,222
#,8648,219
#,8649,209
#,8650,210
#,8651,215
#,8652,198
#,8653,193
#,8654,187
#,8655,187
#,8656,191
#,8657,203
#,8658,217
#,8659,182
#,8660,193
#,8661,204
#,8662,212
#,8663,210
#,8664,210
#,8665,197
#,8666,191
#,8667,196
#,8668,186
#,8669,205
#,8670,204
#,8671,197
#,8672,196
#,8673,208
#,8674,196
#,8675,187
#,8676,175
#,8677,197
#,8678,200
#,8679,198
#,8680,196
#,8681,190
#,8682,209
#,8683,209
#,8684,219
#,8685,202
#,8686,204
#,8687,202
#,8688,192
#,8689,196
#,8690,201
#,8691,198
#,8692,190
#,8693,186
#,8694,215
#,8695,204
#,8696,219
#,8697,211
#,8698,203
#,8699,219
8700,8700,199
#,8701,199
#,8702,197
#,8703,215
#,8704,183
#,8705,188
#,8706,193
#,8707,208
#,8708,217
#,8709,228
#,8710,219
#,8711,225
#,8712,184
#,8713,199
#,8714,200
#,8715,204
#,8716,221
#,8717,224
#,8718,217
#,8719,211
#,8720,209
#,8721,205
#,8722,208
#,8723,211
#,8724,203
#,8725,190
#,8726,195
#,8727,203
#,8728,201
#,8729,204
#,8730,203
#,8731,211
#,8732,225
#,8733,221
#,8734,226
#,8735,215
#,8736,226
#,8737,228
#,8738,217
#,8739,213
#,8740,195
#,8741,200
#,8742,204
#,8743,208
#,8744,216
#,8745,213
#,8746,203
#,8747,194
#,8748,208
#,8749,218
#,8750,218
#,8751,204
#,8752,206
#,8753,207
#,8754,204
#,8755,215
#,8756,202
#,8757,200
#,8758,206
#,8759,186
#,8760,183
#,8761,189
#,8762,209
#,8763,200
#,8764,193
#,8765,203
#,8766,205
#,8767,223
#,8768,220
#,8769,222
#,8770,223
#,8771,228
#,8772,224
#,8773,224
#,8774,212
#,8775,203
#,8776,212
#,8777,223
#,8778,231
#,8779,235
#,8780,235
#,8781,213
#,8782,202
#,8783,206
#,8784,198
#,8785,204
#,8786,191
#,8787,187
#,8788,194
#,8789,198
#,8790,185
#,8791,185
#,8792,162
#,8793,160
#,8794,174
#,8795,184
#,8796,199
#,8797,198
#,8798,214
#,8799,198
8800,8800,202
#,8801,203
#,8802,212
#,8803,206
#,8804,206
#,8805,212
#,8806,208
#,8807,204
#,8808,203
#,8809,215
#,8810,215
#,8811,204
#,8812,208
#,8813,206
#,8814,189
#,8815,189
#,8816,191
#,8817,193
#,8818,190
#,8819,188
#,8820,199
#,8821,197
#,8822,214
#,8823,200
#,8824,193
#,8825,209
#,8826,211
#,8827,219
#,8828,209
#,8829,215
#,8830,225
#,8831,233
#,8832,237
#,8833,222
#,8834,230
#,8835,219
#,8836,219
#,8837,218
#,8838,209
#,8839,214
#,8840,206
#,8841,191
#,8842,223
#,8843,239
#,8844,222
#,8845,211
#,8846,224
#,8847,233
#,8848,233
#,8849,249
#,8850,231
#,8851,231
#,8852,235
#,8853,233
#,8854,222
#,8855,213
#,8856,198
#,8857,193
#,8858,181
#,8859,194
#,8860,187
#,8861,188
#,8862,176
#,8863,186
#,8864,194
#,8865,193
#,8866,208
#,8867,218
#,8868,231
#,8869,225
#,8870,209
#,8871,202
#,8872,214
#,8873,219
#,8874,223
#,8875,213
#,8876,221
#,8877,208
#,8878,200
#,8879,183
#,8880,189
#,8881,182
#,8882,198
#,8883,198
#,8884,219
#,8885,217
#,8886,226
#,8887,215
#,8888,215
#,8889,208
#,8890,195
#,8891,188
#,8892,196
#,8893,191
#,8894,180
#,8895,189
#,8896,182
#,8897,179
#,8898,184
#,8899,179
8900,8900,156
#,8901,162
#,8902,198
#,8903,216
#,8904,217
#,8905,212
#,8906,197
#,8907,194
#,8908,190
#,8909,193
#,8910,194
#,8911,180
#,8912,184
#,8913,188
#,8914,193
#,8915,192
#,8916,201
#,8917,204
#,8918,198
#,8919,201
#,8920,202
#,8921,207
#,8922,193
#,8923,189
#,8924,199
#,8925,207
#,8926,223
#,8927,217
#,8928,195
#,8929,218
#,8930,225
#,8931,197
#,8932,209
#,8933,217
#,8934,223
#,8935,194
#,8936,183
#,8937,214
#,8938,228
#,8939,212
#,8940,220
#,8941,195
#,8942,202
#,8943,188
#,8944,209
#,8945,203
#,8946,202
#,8947,203
#,8948,180
#,8949,187
#,8950,201
#,8951,225
#,8952,230
#,8953,209
#,8954,194
#,8955,203
#,8956,209
#,8957,205
#,8958,215
#,8959,216
#,8960,201
#,8961,191
#,8962,213
#,8963,203
#,8964,213
#,8965,213
#,8966,206
#,8967,227
#,8968,232
#,8969,216
#,8970,224
#,8971,207
#,8972,217
#,8973,208
#,8974,208
#,8975,197
#,8976,202
#,8977,199
#,8978,215
#,8979,230
#,8980,218
#,8981,214
#,8982,217
#,8983,232
#,8984,234
#,8985,236
#,8986,211
#,8987,206
#,8988,191
#,8989,176
#,8990,194
#,8991,195
#,8992,198
#,8993,214
#,8994,244
#,8995,244
#,8996,223
#,8997,211
#,8998,204
#,8999,217
9000,9000,204
#,9001,204
#,9002,200
#,9003,188
#,9004,199
#,9005,180
#,9006,184
#,9007,175
#,9008,164
#,9009,180
#,9010,181
#,9011,188
#,9012,198
#,9013,189
#,9014,184
#,9015,201
#,9016,201
#,9017,207
#,9018,204
#,9019,204
#,9020,201
#,9021,196
#,9022,213
#,9023,204
#,9024,210
#,9025,217
#,9026,199
#,9027,206
#,9028,201
#,9029,191
#,9030,201
#,9031,208
#,9032,206
#,9033,200
#,9034,190
#,9035,204
#,9036,182
#,9037,185
#,9038,169
#,9039,176
#,9040,174
#,9041,205
#,9042,207
#,9043,211
#,9044,206
#,9045,208
#,9046,196
#,9047,193
#,9048,191
#,9049,214
#,9050,216
#,9051,221
#,9052,219
#,9053,225
#,9054,217
#,9055,209
#,9056,195
#,9057,194
#,9058,195
#,9059,185
#,9060,194
#,9061,177
#,9062,194
#,9063,205
#,9064,186
#,9065,196
#,9066,198
#,9067,203
#,9068,207
#,9069,199
#,9070,197
#,9071,200
#,9072,193
#,9073,200
#,9074,218
#,9075,207
#,9076,192
#,9077,209
#,9078,227
#,9079,220
#,9080,223
#,9081,225
#,9082,217
#,9083,214
#,9084,215
#,9085,211
#,9086,203
#,9087,205
#,9088,206
#,9089,211
#,9090,185
#,9091,186
#,9092,205
#,9093,196
#,9094,211
#,9095,200
#,9096,189
#,9097,181
#,9098,192
#,9099,216
9100,9100,204
#,9101,201
#,9102,194
#,9103,191
#,9104,193
#,9105,209
#,9106,215
#,9107,206
#,9108,209
#,9109,185
#,9110,193
#,9111,203
#,9112,216
#,9113,223
#,9114,214
#,9115,214
#,9116,206
#,9117,196
#,9118,198
#,9119,186
#,9120,178
#,9121,168
#,9122,173
#,9123,185
#,9124,176
#,9125,183
#,9126,186
#,9127,195
#,9128,203
#,9129,196
#,9130,207
#,9131,217
#,9132,206
#,9133,204
#,9134,201
#,9135,201
#,9136,192
#,9137,197
#,9138,199
#,9139,209
#,9140,211
#,9141,207
#,9142,229
#,9143,233
#,9144,238
#,9145,236
#,9146,228
#,9147,231
#,9148,214
#,9149,206
#,9150,211
#,9151,205
#,9152,206
#,9153,237
#,9154,233
#,9155,213
#,9156,214
#,9157,210
#,9158,197
#,9159,192
#,9160,193
#,9161,200
#,9162,209
#,9163,220
#,9164,213
#,9165,213
#,9166,223
#,9167,218
#,9168,214
#,9169,178
#,9170,174
#,9171,195
#,9172,202
#,9173,202
#,9174,197
#,9175,205
#,9176,202
#,9177,200
#,9178,210
#,9179,205
#,9180,194
#,9181,192
#,9182,194
#,9183,196
#,9184,194
#,9185,201
#,9186,200
#,9187,205
#,9188,208
#,9189,212
#,9190,206
#,9191,205
#,9192,198
#,9193,191
#,9194,190
#,9195,201
#,9196,204
#,9197,200
#,9198,207
#,9199,211
9200,9200,205
#,9201,218
#,9202,227
#,9203,220
#,9204,211
#,9205,204
#,9206,222
#,9207,185
#,9208,170
#,9209,173
#,9210,185
#,9211,188
#,9212,202
#,9213,205
#,9214,201
#,9215,204
#,9216,201
#,9217,192
#,9218,205
#,9219,213
#,9220,207
#,9221,197
#,9222,194
#,9223,207
#,9224,214
#,9225,195
#,9226,201
#,9227,212
#,9228,214
#,9229,197
#,9230,191
#,9231,196
#,9232,201
#,9233,200
#,9234,201
#,9235,197
#,9236,211
#,9237,196
#,9238,201
#,9239,186
#,9240,191
#,9241,176
#,9242,198
#,9243,212
#,9244,218
#,9245,211
#,9246,199
#,9247,196
#,9248,203
#,9249,206
#,9250,205
#,9251,206
#,9252,211
#,9253,189
#,9254,192
#,9255,180
#,9256,186
#,9257,208
#,9258,200
#,9259,202
#,9260,201
#,9261,202
#,9262,199
#,9263,198
#,9264,182
#,9265,190
#,9266,193
#,9267,203
#,9268,223
#,9269,216
#,9270,213
#,9271,212
#,9272,212
#,9273,216
#,9274,213
#,9275,222
#,9276,217
#,9277,215
#,9278,209
#,9279,219
#,9280,213
#,9281,208
#,9282,202
#,9283,194
#,9284,175
#,9285,206
#,9286,192
#,9287,192
#,9288,219
#,9289,235
#,9290,209
#,9291,203
#,9292,207
#,9293,194
#,9294,193
#,9295,182
#,9296,216
#,9297,205
#,9298,197
#,9299,199
9300,9300,180
#,9301,187
#,9302,200
#,9303,198
#,9304,198
#,9305,207
#,9306,213
#,9307,223
#,9308,214
#,9309,209
#,9310,209
#,9311,203
#,9312,215
#,9313,206
#,9314,202
#,9315,207
#,9316,187
#,9317,194
#,9318,195
#,9319,213
#,9320,212
#,9321,214
#,9322,232
#,9323,228
#,9324,214
#,9325,219
#,9326,215
#,9327,226
#,9328,207
#,9329,208
#,9330,207
#,9331,195
#,9332,200
#,9333,196
#,9334,191
#,9335,192
#,9336,200
#,9337,204
#,9338,197
#,9339,194
#,9340,207
#,9341,183
#,9342,188
#,9343,192
#,9344,184
#,9345,182
#,9346,193
#,9347,198
#,9348,206
#,9349,190
#,9350,211
#,9351,215
#,9352,208
#,9353,199
#,9354,199
#,9355,216
#,9356,187
#,9357,190
#,9358,205
#,9359,201
#,9360,199
#,9361,188
#,9362,193
#,9363,197
#,9364,197
#,9365,190
#,9366,207
#,9367,197
#,9368,202
#,9369,201
#,9370,191
#,9371,196
#,9372,180
#,9373,184
#,9374,196
#,9375,190
#,9376,200
#,9377,191
#,9378,202
#,9379,203
#,9380,176
#,9381,180
#,9382,198
#,9383,208
#,9384,206
#,9385,192
#,9386,170
#,9387,181
#,9388,192
#,9389,202
#,9390,208
#,9391,237
#,9392,238
#,9393,232
#,9394,232
#,9395,206
#,9396,202
#,9397,200
#,9398,200
#,9399,206
9400,9400,217
#,9401,230
#,9402,218
#,9403,207
#,9404,180
#,9405,181
#,9406,192
#,9407,203
#,9408,198
#,9409,179
#,9410,187
#,9411,191
#,9412,202
#,9413,206
#,9414,214
#,9415,206
#,9416,220
#,9417,205
#,9418,201
#,9419,212
#,9420,193
#,9421,223
#,9422,205
#,9423,225
#,9424,202
#,9425,197
#,9426,203
#,9427,202
#,9428,198
#,9429,190
#,9430,195
#,9431,188
#,9432,193
#,9433,192
#,9434,188
#,9435,172
#,9436,191
#,9437,208
#,9438,186
#,9439,187
#,9440,200
#,9441,195
#,9442,190
#,9443,172
#,9444,182
#,9445,164
#,9446,175
#,9447,173
#,9448,168
#,9449,186
#,9450,204
#,9451,208
#,9452,211
#,9453,223
#,9454,203
#,9455,204
#,9456,221
#,9457,220
#,9458,210
#,9459,194
#,9460,196
#,9461,180
#,9462,186
#,9463,189
#,9464,180
#,9465,180
#,9466,184
#,9467,193
#,9468,208
#,9469,204
#,9470,199
#,9471,192
#,9472,193
#,9473,206
#,9474,203
#,9475,206
#,9476,211
#,9477,200
#,9478,226
#,9479,228
#,9480,208
#,9481,197
#,9482,225
#,9483,239
#,9484,231
#,9485,244
#,9486,231
#,9487,230
#,9488,218
#,9489,202
#,9490,196
#,9491,189
#,9492,190
#,9493,192
#,9494,202
#,9495,217
#,9496,212
#,9497,227
#,9498,205
#,9499,210
9500,9500,209
#,9501,213
#,9502,220
#,9503,224
#,9504,201
#,9505,197
#,9506,200
#,9507,193
#,9508,195
#,9509,200
#,9510,210
#,9511,188
#,9512,214
#,9513,202
#,9514,226
#,9515,199
#,9516,192
#,9517,200
#,9518,207
#,9519,194
#,9520,197
#,9521,228
#,9522,228
#,9523,211
#,9524,199
#,9525,203
#,9526,213
#,9527,206
#,9528,204
#,9529,221
#,9530,210
#,9531,213
#,9532,201
#,9533,226
#,9534,203
#,9535,198
#,9536,200
#,9537,207
#,9538,202
#,9539,208
#,9540,208
#,9541,203
#,9542,185
#,9543,197
#,9544,185
#,9545,181
#,9546,207
#,9547,207
#,9548,208
#,9549,215
#,9550,202
#,9551,205
#,9552,207
#,9553,202
#,9554,206
#,9555,181
#,9556,197
#,9557,203
#,9558,205
#,9559,212
#,9560,210
#,9561,209
#,9562,203
#,9563,208
#,9564,195
#,9565,194
#,9566,186
#,9567,202
#,9568,183
#,9569,214
#,9570,209
#,9571,209
#,9572,213
#,9573,215
#,9574,235
#,9575,240
#,9576,234
#,9577,254
#,9578,251
#,9579,233
#,9580,232
#,9581,217
#,9582,192
#,9583,206
#,9584,216
#,9585,196
#,9586,201
#,9587,197
#,9588,200
#,9589,200
#,9590,194
#,9591,185
#,9592,182
#,9593,192
#,9594,191
#,9595,203
#,9596,206
#,9597,225
#,9598,232
#,9599,236
9600,9600,216
#,9601,211
#,9602,197
#,9603,201
#,9604,205
#,9605,191
#,9606,187
#,9607,191
#,9608,204
#,9609,203
#,9610,198
#,9611,197
#,9612,197
#,9613,193
#,9614,198
#,9615,195
#,9616,201
#,9617,226
#,9618,224
#,9619,202
#,9620,180
#,9621,191
#,9622,201
#,9623,192
#,9624,208
#,9625,212
#,9626,205
#,9627,224
#,9628,213
#,9629,232
#,9630,236
#,9631,226
#,9632,215
#,9633,204
#,9634,194
#,9635,194
#,9636,206
#,9637,192
#,9638,205
#,9639,195
#,9640,197
#,9641,201
#,9642,189
#,9643,205
#,9644,190
#,9645,210
#,9646,209
#,9647,198
#,9648,207
#,9649,222
#,9650,228
#,9651,216
#,9652,219
#,9653,197
#,9654,187
#,9655,207
#,9656,215
#,9657,219
#,9658,218
#,9659,213
#,9660,224
#,9661,205
#,9662,195
#,9663,204
#,9664,201
#,9665,197
#,9666,218
#,9667,215
#,9668,210
#,9669,195
#,9670,192
#,9671,185
#,9672,176
#,9673,186
#,9674,186
#,9675,199
#,9676,212
#,9677,197
#,9678,205
#,9679,208
#,9680,214
#,9681,199
#,9682,199
#,9683,208
#,9684,211
#,9685,212
#,9686,216
#,9687,218
#,9688,199
#,9689,212
#,9690,215
#,9691,220
#,9692,235
#,9693,221
#,9694,216
#,9695,216
#,9696,195
#,9697,181
#,9698,184
#,9699,220
9700,9700,203
#,9701,206
#,9702,201
#,9703,215
#,9704,236
#,9705,219
#,9706,207
#,9707,189
#,9708,186
#,9709,190
#,9710,187
#,9711,198
#,9712,198
#,9713,192
#,9714,200
#,9715,211
#,9716,213
#,9717,234
#,9718,220
#,9719,214
#,9720,212
#,9721,206
#,9722,211
#,9723,206
#,9724,227
#,9725,215
#,9726,232
#,9727,209
#,9728,212
#,9729,214
#,9730,222
#,9731,222
#,9732,227
#,9733,212
#,9734,208
#,9735,177
#,9736,189
#,9737,207
#,9738,214
#,9739,225
#,9740,214
#,9741,190
#,9742,201
#,9743,184
#,9744,173
#,9745,209
#,9746,218
#,9747,209
#,9748,222
#,9749,212
#,9750,197
#,9751,199
#,9752,197
#,9753,202
#,9754,199
#,9755,192
#,9756,173
#,9757,190
#,9758,186
#,9759,196
#,9760,203
#,9761,213
#,9762,210
#,9763,222
#,9764,237
#,9765,230
#,9766,223
#,9767,200
#,9768,198
#,9769,204
#,9770,211
#,9771,211
#,9772,218
#,9773,215
#,9774,206
#,9775,191
#,9776,183
#,9777,187
#,9778,175
#,9779,173
#,9780,190
#,9781,200
#,9782,203
#,9783,208
#,9784,220
#,9785,194
#,9786,188
#,9787,192
#,9788,204
#,9789,195
#,9790,205
#,9791,217
#,9792,211
#,9793,202
#,9794,192
#,9795,183
#,9796,186
#,9797,191
#,9798,175
#,9799,187
9800,9800,177
#,9801,172
#,9802,179
#,9803,193
#,9804,184
#,9805,168
#,9806,191
#,9807,181
#,9808,189
#,9809,188
#,9810,182
#,9811,191
#,9812,180
#,9813,168
#,9814,187
#,9815,193
#,9816,193
#,9817,169
#,9818,172
#,9819,186
#,9820,198
#,9821,202
#,9822,189
#,9823,178
#,9824,163
#,9825,178
#,9826,192
#,9827,204
#,9828,213
#,9829,217
#,9830,228
#,9831,224
#,9832,242
#,9833,232
#,9834,217
#,9835,207
#,9836,192
#,9837,191
#,9838,203
#,9839,188
#,9840,187
#,9841,199
#,9842,207
#,9843,201
#,9844,200
#,9845,207
#,9846,207
#,9847,219
#,9848,201
#,9849,201
#,9850,202
#,9851,195
#,9852,195
#,9853,186
#,9854,188
#,9855,187
#,9856,196
#,9857,201
#,9858,203
#,9859,220
#,9860,213
#,9861,221
#,9862,207
#,9863,210
#,9864,204
#,9865,202
#,9866,196
#,9867,193
#,9868,209
#,9869,219
#,9870,216
#,9871,204
#,9872,200
#,9873,197
#,9874,206
#,9875,210
#,9876,210
#,9877,217
#,9878,208
#,9879,216
#,9880,218
#,9881,212
#,9882,192
#,9883,201
#,9884,188
#,9885,174
#,9886,182
#,9887,171
#,9888,186
#,9889,182
#,9890,177
#,9891,188
#,9892,194
#,9893,211
#,9894,215
#,9895,188
#,9896,184
#,9897,173
#,9898,175
#,9899,174
9900,9900,175
#,9901,160
#,9902,161
#,9903,180
#,9904,190
#,9905,179
#,9906,192
#,9907,182
#,9908,199
#,9909,183
#,9910,182
#,9911,189
#,9912,192
#,9913,180
#,9914,197
#,9915,182
#,9916,171
#,9917,176
#,9918,167
#,9919,162
#,9920,174
#,9921,183
#,9922,185
#,9923,184
#,9924,181
#,9925,179
#,9926,199
#,9927,199
#,9928,207
#,9929,202
#,9930,213
#,9931,212
#,9932,202
#,9933,196
#,9934,181
#,9935,189
#,9936,188
#,9937,187
#,9938,193
#,9939,193
#,9940,210
#,9941,203
#,9942,201
#,9943,183
#,9944,200
#,9945,207
#,9946,206
#,9947,193
#,9948,218
#,9949,210
#,9950,207
#,9951,221
#,9952,230
#,9953,234
#,9954,216
#,9955,213
#,9956,207
#,9957,199
#,9958,196
#,9959,188
#,9960,190
#,9961,204
#,9962,203
#,9963,199
#,9964,179
#,9965,184
#,9966,197
#,9967,188
#,9968,192
#,9969,183
#,9970,186
#,9971,174
#,9972,174
#,9973,195
#,9974,191
#,9975,183
#,9976,179
#,9977,178
#,9978,198
#,9979,190
#,9980,181
#,9981,196
#,9982,213
#,9983,243
#,9984,240
#,9985,219
#,9986,219
#,9987,211
#,9988,213
#,9989,211
#,9990,230
#,9991,232
#,9992,218
#,9993,210
#,9994,211
#,9995,210
#,9996,226
#,9997,223
#,9998,211
#,9999,217
10000,10000,240
