par1,par2,par3
99.721296,93.323179,13.684320
99.905011,24.372809,40.261492
39.403163,67.304858,93.618368
84.784781,32.014078,52.930268
44.901836,23.728145,53.906977
91.482240,46.263276,43.639158
93.973652,78.060534,71.881081
80.472993,10.187280,52.297102
86.637004,83.085544,83.130733
28.031948,6.865077,67.382276
